post_id,comment_author,comment_body,comment_score
1iqrlu2,iakshatagrawal,"Perfect, initial matches we are good and Guwahati leg will be done and dusted there only",18
1iqrlu2,ashu-iiita,"It's good to have the initial matches in Guwahati since we usually lose them in the end . So it's better to lose in start ü•≤. Hoping we won‚Äôt lose the last matches as usual .
And as we don't lose in initial matches so we can win those also üòÇ",11
1iqrlu2,buffybindas,"Just crush that fucking dc,
Last year dc owner crossed his limits, now it's time to show him his place.",4
1iqrlu2,BerozgaarVyakti,"Two Punjab games
Two RCB games 
Two Gujarat Games

Gonna be spicy this time around",5
1iqrlu2,SquareVisible,Apr9 match to not look forward to,4
1iqrlu2,div2starsatredit,looking forward to beating the ungrateful ( goenka) team LSG on 19 in SMS fr,4
1iqrlu2,Madhur_Ag,I'm still not over with butler not being with us! üò≠ AITA!!,5
1iqrlu2,Potential_Friend2026,"I'm eagerly waiting for RR vs PBKS
to witness ultimate craziness üòÖ",3
1iqrlu2,div2starsatredit,against 2 good teams too !,3
1iqrlu2,ForeignLychee4252,We don't lose in the start,7
1iqrlu2,ipriyanshk20,We have to beat this shit out of those guys with Jaiswal scoring a century.,6
1iqrlu2,div2starsatredit,true revenge will be taken,4
1iqrlu2,forumcontributer,Hope agent Buttler help.,4
1iqrlu2,forumcontributer,YATA,1
1iqrlu2,forumcontributer,Nah rather face MI earlier instead CSk or KKR.  .,2
1iqrlu2,forumcontributer,Early season Sanju >> Bradman >> Every other batter.,8
1iqrlu2,ScreenOtherwise7641,Beating gt was never easy(that sanju hetmyer masterclass) + buttler in gt + we lost a final. Hopefully we beat them now,2
1iqrlu2,Capable-Magician-418,"Agent Jofra went to MI and destroyed them, let's hope agent Jos does the same.",1
1iqrlu2,div2starsatredit,they will fuk up again trust me,1
1iqrlu2,ipriyanshk20,"Yeah we have dogshit records against them
Its time to make it better ffs",2
1iqrlu2,ScreenOtherwise7641,We have a mighty 1- 4 record. Knocking out both mi and gt is the only thing that can heal me.,7
1iquayg,blitz_streak1,"I am an SRH fan and i know how üî• is SRH vs RR - last ball finishes , tensed moments and noball twists",5
1iquayg,khushnakhush,goes without saying bud üëçüèΩ,5
1iquayg,mzry01,What a clown,2
1iquayg,div2starsatredit,nah we ate him ( rr and srh fans),2
1iquayg,mzry01,He still a clown tho,1
1iquayg,Commercial-Dress1255,Bro some kkr fans on rr just because Twitter admin posts about rana,1
1iq0k24,Connect-Barracuda-66,They will never let el classico on first match(RR VS PBKS) coz then watcher expectations will sky rocket and not all matches can deliver it and everyone will get bored.(Sarcasm),68
1iq0k24,Retro_Gamer12521,I was so angry in 2023 when Chennai went on to play the first match against Gujarat. Like it has always been the finalists and then they went on to do this.,38
1iq0k24,Beautiful-Speaker-60,I am hoping for good times ahead with yashasvi and parag becoming future superstars of india and will attract more visibility and fans for RR along with RR winning some more trophies. We will eventually get our due respect.,16
1iq0k24,Capable-Magician-418,"We didn't get playoff matches coz SMS is too small but once Anil Agarwal stadium is complete that problem till go away.

Teams with popularity generally get the opening matches, RR is not very popular now but wait till Yashasvi becomes the superstar that he is predicted to become and the fans will follow. Also with the strong indian core we are building the trophy is just one lucky season away which will also boost popularity.

We had shit owners who made RR the inaugural champions turn into a franchise with very less relevance but that has been changing since 2021 with badale taking good decisions.(Thank heavens that bastard kundra was ousted from RR)

Also, about the fans giving up on this season, those are mainly kids with hardly any knowledge of game and team balance. They are crying over the stars we lost instead of focusing on the improvements we made. People with some basic sense and those who trust our management have good hope for this cycle.",7
1iq0k24,Flaky-Opposite328,RR delivers when every one says it won't history has been witness to it this year RR will win the trophy,2
1iq0k24,vergil045,"Because rr never had someone who attracts big crowds like ms or for someone a large amount of people were hyped, majority of the Indian audience in the ipl are just there for the players",2
1iq0k24,Theashhking,"""Scouting, player development"" nobody gives a fuck lmao if you can't pull viewership on the opening day you are not getting the game it's as simple as that, after all it's about marketing",-5
1iq0k24,AnyTowel2857,Shit teams with no fan following see only these days,-1
1iq0k24,Ill-Somewhere-1299,"Bcoz u guys don't deserve it at all , stupid team so much over action . Jaiswal pe rely kr rha",-2
1iq0k24,Beautiful-Speaker-60,Saved yourself from an FIR with the last word.,8
1iq0k24,Erwin_Smith_FAN,You said nothing but truth,1
1iq0k24,AshishNehra65,SRH fans feel your PAIN,21
1iq0k24,ipriyanshk20,It is plain disrespectful man,8
1iq0k24,ipriyanshk20,"One good thing that has happened to us after 2021 is INDIAN CORE

Samson was the only recognised Indian face during that phase man.

Now we have Samson Jaiswal Parag Nitish Jurel, even Vaibhav will join this list pretty soon.

Deshpande, Sandeep are also known and decent in IPL (Better than Sakariya, Ankit Rajpoot eraüò≠üò≠)

Trusting the process üßø",9
1iq0k24,ipriyanshk20,"I don‚Äôt even know when that stadium will be completed it was supposed to get done this year ffs. 

Leave that, RR management is spending money from their own pockets to increase the size of SMS this year just so that they can increase the capacity and dressing room area. RCA is such corrupt organisation. 

And it shouldn‚Äôt matter if the stadium is small or not if the rules say that we get playoff games then we should get it.

I totally agree with the Yashasvi statement, that boy will definitely bring glory to the state of Rajasthan üßøüî•

And Indian core of Parag Jaiswal Jurel in the coming years and all of them peaking together is the sole point of this retentions. I don‚Äôt know why fans are not able to understand this and relate with what MI did in the past.

I know it hurts when legend like Jos or in past Watson left but it is what it isüòì

We have batting depth this year which we lacked from the past 3 years. Thats where we lost so many games üò≠üò≠

Also whoever chose to bat first in 2022 IPL finals should get dragged üò≠üò≠ it still hurts",2
1iq0k24,ipriyanshk20,It shouldn‚Äôt be like thatüòì,2
1iq0k24,ipriyanshk20,It was about winning the title in last 3 years but yeah i understand you are a r3tard,4
1iq0k24,Connect-Barracuda-66,Naah no need this sub has understanding people.,10
1iq0k24,ipriyanshk20,Atleast you got to play season opener in previous years,7
1iq0k24,Beautiful-Speaker-60,But i still can‚Äôt believe we are betting on deshpande man like wtfüò≠üò≠,6
1iq0k24,Capable-Magician-418,"That bat first decision was such a cowardly move, i never want us to do that again.

Also, batting depth really was the reason we screwed up so many matches and i am glad RR looked for bowlers who can bat.",2
1iq0k24,Theashhking,"Ah yes I'm the ""r3tard"" when you attach the specific image of opening games played by teams and then go onto rant about it? What are you 9yrs old? Like how do u not understand why they haven't given rr opening games even after being in the finals or winning the competition it's because the fanbase isn't large enough to attract numbers, that is why we are hosting games at Guwahati to increase it and have a good enough fanbase by the time we reach next finals so that we also can get an opening day fixture, it's literally that simple they just want good teams to play opening day fixtures so that'll attract more viewership jeez i didn't know simple economics was so hard to understand and to answer your question no we are not gonna win a title with this team in 3 years heck we won't even reach semis with this team",-3
1iq0k24,Retro_Gamer12521,Fr i hope RR wins it this year so that they would have to make them play the first match.,8
1iq0k24,ipriyanshk20,"Bro jokes aside he is the highest wicket taker since last 2 IPLs üò≠

Fans were saying the same when Avesh was traded in and he absolutely surprised everyone to the point that everyone was asking for him to get retained üî•üòÅ

Trust Shane Bond bro, Deshpande got some decent Hit the deck skills I am hopeful on him.",2
1iq0k24,ipriyanshk20,"I am new to reddit RR community man, but we dragged Sanga left right and centre on twitter for his stupid decisions in the last cycle.

Like he literally made some of the stupidest on field decisions that hurt us a lot.

Also buying fucking devdutt padikkal for 7.25 crore which costed us Abhishek Sharma and Tilak Varma - They were our main targets lol as shown in IPL auction prep video of 2022.

Sanga is a great great man manager but maybe not that great of a tactician. I love him tho",3
1iq0k24,ipriyanshk20,"Bruv i wrote scouting and player development because we are doing that alright üò≠üò≠ and with the squad we had last cycle we should have won atleast 1 IPL

Why are you so pressed üò≠",1
1iq0k24,AshishNehra65,Are you confident in the squad made by Dravid and Sanga? Can Dravid overachieve with this team?,2
1iq0k24,Beautiful-Speaker-60,Hope he doesn‚Äôt go for 10 an over this time,1
1iq0k24,AppropriateSpeaker16,that's sad man,2
1iq0k24,Theashhking,"We aren't doing that alright statistically other teams are better than us, they have a much larger fanbase pull unlike us so can you guys stop making these same posts again & again like please accept it we are the underdogs they are never gonna let us sit at the top of the food chain unless we dominate",-1
1iq0k24,Retro_Gamer12521,Bro nothing is impossible in this world. We can atleast keep a believe.,4
1iq0k24,div2starsatredit,they both are well respected,1
1iq0k24,ipriyanshk20,Yeahüò≠,1
1iq0k24,ipriyanshk20,"All I said is that we could have won one IPL in last cycle.

It‚Äôs okay if you didn‚Äôt like my ‚Äúrant‚Äù you can downvote and move on bro.",1
1iq0k24,AshishNehra65,Belief is all what we have,1
1iq0k24,AshishNehra65,What is your Gut feeling regarding squad selection?,1
1iq0k24,AppropriateSpeaker16,yup should have won one.,2
1ipgite,ForeignLychee4252,Yeah man....still can't get over it.....and imagine what gonna happen when we will see him in another jersey,5
1ip2w4e,_kunal67,If Riyan performs there it will be cherry on cake.,14
1ip2w4e,Connect-Barracuda-66,"But we had hasaranga, Theekshana and kumar k on our side all of them are really great spinners as well.",9
1ip2w4e,Madhur_Ag,"Schedule is not announced yet, what's the source of all this?",3
1ip2w4e,ScreenOtherwise7641,We even lost to mighty punjab in guwahati and couldn't play our next league match against kkr if we did and won that match we could be in q1 giving us 1 more chance hopefully that does not happen in this season,2
1ip2w4e,CartographerBrave259,"Bullshit. Guwahati games are ruining our home advantage. Any OG RR fan should know that SMS is our fortress. There were times when we could count on 5/7 wins from home games.

I wouldn't want RR to play in Guwahati even if the opposite team had prime Warne and Murali in their ranks",1
1ip2w4e,Theashhking,"Rr have the worst squad stop making imaginary scenarios as if we can win against these teams, so obviously finishing 10th with such poor squad planning",0
1ip2w4e,ipriyanshk20,They have better spinners lets be honest and why to give them that advantage tbh,4
1ip2w4e,ipriyanshk20,Cricbuzz,2
1ip2w4e,ipriyanshk20,"We scheduled our games earlier this season, before the monsoon arrives there.

We can still lose that it is a different topic but I think that the logic behind playing these 2 teams in guwahati can prove to be good.",5
1ip2w4e,ipriyanshk20,"You are right. Ideally all 7 games should be in SMS.
But if the team has decided to give 2 games in Guwahati then these 2 fixtures are the best possible ones. Thats all I am saying.",3
1ip2w4e,ipriyanshk20,Okay cry about it,1
1ip2w4e,Connect-Barracuda-66,"Imo for csk noor is great , ash anna's last season was a miss and imo he is not that great in T20 compared to his legacy in test and odi's, jadu is great but I still feel he can be hit or miss. Where as our team Theekshana was did really well for csk last season , hasaranga is doing his best in international t20 and odi and kumar k was really great in recent domestic leagues. Kkr is a different topic but I think we have better equal or just slightly better spin attack then csk.",4
1ip2w4e,Soggy_Ad_3686,Nope. I rate our spin attack above CSK and at par with KKR,3
1ip2w4e,Theashhking,I won't cause I'm well aware of the fact that a franchise with sangakkara and dravid at its helm can never succeed in ipl,0
1ip2w4e,ipriyanshk20,Fair point but still I think its a good move to play them away from SMS.,2
1ip2w4e,ipriyanshk20,"Fair enough.
So even if we are at par at them so it‚Äôs better to avoid them in SMS. We got cooked badly by GT in 2023 by Noor and Rashid.",1
1ip2w4e,ipriyanshk20,OküòÇ,1
1ip2w4e,AshishNehra65,Sanga selected a very good squad last cycle,1
1ip2w4e,Theashhking,Sanga is a pussio of a coach he doesn't have the guts to take hard decisions and win titles he's just a decent option not someone you can achieve good enough success with,1
1ip2w4e,AshishNehra65,I agree! He bottled 2 IPL PLAYOFFS with a great bowling attack. The meltdown in 2023 was worse when RR were dominating¬†,1
1ip2w4e,Theashhking,"Finally somebody with sense everybody lives in delusion that he's so worldly coach when he's just straight up mediocre same for dravid, his success with India won't let me forget how shit of a coach he has been in ipl, the more I see likes of dravid, sangakkara coach the more I appreciate guys like Daniel vettori, Stephen Flemming their coaching is absolutely best of the best, they look to strengthen their core areas for the future while guys like sanga just ruin the team after 1 or 2 seasons",2
1ip2w4e,AshishNehra65,"What is your opinion about Tom Moody? I think Sanga's American accent fools a lot of local people as they feel he knows what he is doing! Sangakkara works at SKY SPORTS hence his unhealthy obsession with English players like TKC and Joe Root! Sanga did assembled a great bowling line-up as he learnt from Moody at Sunrisers and Punjab Kings!¬†


Dravid got those extra months with India as his original contract was over! He is great at getting local talent because he was at NCA! He set the foundations at Delhi where he got Sanju,Iyer and Pant! I feel there is great use for his talent id recognition but winning an IPL might nit be his strength!


Vettori is a clever operator as he knew that SRH had weak bowling so he went ultra-aggressive with the bat! His Lieutenant Pat Cummins believed in the strategy and backed his players which helped! Moreover he took a team which was BOTTOM in the previous season!He did a great TRADE of Shahbaz Ahmed with Sehwag's nephew which was a MASTERSTROKE! He went big on Aussie duo of Head and Cummins which transformed the team totally! Fleming has the gift of consistentcy where he picks the perfect players for Chepauk. He targets allrounders to get long batting lineups and multiple bowling options!",1
1ip2w4e,Theashhking,"Love moody to bits he's an amazing coach srh being a recognised team has a lot to do with tom moody, fans of rr are just emotional beings and nothing more, their cricket knowledge is rubbish atleast for 90% rr fans they think dravid and sanga can do something when they have absolutely ruined the very bowling unit that made rr good and now we arguably have the worst bowling unit in ipl, the middle order is absolutely shit and they are basically just banking on parag, Sanju and jaiswal to carry",1
1ip2w4e,AshishNehra65,"100% agreed regarding MOODY! He was the brains behind the BOWLING heavy strategy at SRH where they got 5 consecutive PLAYOFFS! Bayliss came in 2020 where he just kept what worked under Moody! He could have gone back to KKR but came to the stronger team! He lost control of harmonious dressing room in 2021 so much that Warner and Rashid Khan left as the environment was TOXIC!How did he FINISH BOTTOM in UAE when SRH had Nabi,Rashid and Mujeeb? Bayliss failed at Punjab Kings as well as Kumble gave him good foundations to build upon! Even in SRH sub some fans justify Kane Williamson being #1 RETENTION over Rashid Khan lol! Sanga got SL duo of Hasaranga and Theekshana. Theekshana is just economical for me! I prefer Mujeeb over him!Maphaka has potential but he is Expensive in in terms of economy! Archer is injury prone and doesn't seem as good as he was for RR in his 1st spell! Farooqi is excellent new ball operator but can get smashed in DEATH OVERS! Big Bund Deshpande is Expensive as well! Madhwal has the same problem but these 2 can get wickets so it is a double-edged sword. Also Dravid hopes that they bring WINNER spirit to RR as they have come from CSK and MI!Yudhvir Singh is not bad as I have seen him for LSG also he can give some lusty blows in the end! Interestingly only 2 allrounders in Hasaranga and Parag picked! RR always seem unbalanced to me and against allrounders as prefer specialists but limit the options this way! IMPACT SUB allows them to cover whatever they are doing in 2nd Innings usually!¬†",1
1ip3ipa,Kchinki,RPS was an easy option for me since I‚Äôve been a Rahane fan since Day 1. I know he joined RR later but before that it was Dravid. IYKYK,21
1ip3ipa,Soggy_Ad_3686,DD ofcourse. It was RR lite,8
1ip3ipa,Known_Artichoke8458,Didn‚Äôt watch ! From a fan who have seen glory of 2008 it is hard to watch or support other teams no ? #RRforever !,8
1ip3ipa,ipriyanshk20,"Gujarat Lions

But didn‚Äôt care about IPL like that in those 2 years.",8
1ip3ipa,khushnakhush,"Rahane - RPS, easy",7
1ip3ipa,Erwin_Smith_FAN,None but supported srh in 2016 final,7
1ip3ipa,Sure-Rooster-738,Delhi Daredevils (Dravid moved there as coach with Sanju and Nair),5
1ip3ipa,upyoursleeve,"RPS. They had my boy Stevie and the likes of Tripathi, Dube, Stokes, Shardul played well.",3
1ip3ipa,CosmicObsidian44,I became Player oriented then. Watto and RCB.,3
1ip3ipa,SquareVisible,I started watching in 2016 and Mumbai alleged was gonna play here.,3
1ip3ipa,snakysour,None.,3
1ip3ipa,BerozgaarVyakti,I'm actually an RPS supporter who moved to Rajasthan Royals because our team died,3
1ip3ipa,Sivaram2005,"Gujarat lions bcs of raina, baz, finch, jadddu",3
1ip3ipa,wow1233214,Rcb cause Shane Watson üòõ,2
1ip3ipa,Csr_reddit,Rps,2
1ip3ipa,AvoidPax,Rps,2
1ip3ipa,Several-Western-5980,rps,2
1ip3ipa,bhosdiwalebaba,Srh and kings 11 punjab,2
1ip3ipa,doc69doc,I didn‚Äôt watch ipl,2
1ip3ipa,PritziNova0_0,"RPS: Jinks, Stokesy, Smudge then Thala as a cherry on top",2
1ip3ipa,Practical_Ease8742,SRH,2
1ip3ipa,MnM97,"Kkr, because of yusuf pathan.",1
1ip3ipa,khushnakhush,us us us us us us us,4
1ip3ipa,vergil045,Based,4
1ip3ipa,AvoidPax,You forgot rahane the og rr legend,8
1ip3ipa,Beautiful-Speaker-60,"Me too, starting watching cricket in 2016 and didn‚Äôt have to care about both the teams at that time lol. Saw Kohli in godly form from asia cup and wt20 and became a diehard fan. Supported RCB for that reason and became an RR fan in 2022",2
1ip3ipa,shub2726,us us us us us us,3
1ip3ipa,upyoursleeve,Yeah mb,2
1iogwq7,Sea_Meal_1750,"Better that he got dropped or else he would have been benched just like Kishan.¬†


Jaiswal should smash a daddy now.",16
1iogwq7,ipriyanshk20,Not gonna lie he needs to have a 700+ runs IPL season now with the standards he has set and also to fight for that T20I opening spot.,11
1iogwq7,capfum,Where was the disrespect. Stop glazing he'll be there representing India soon,9
1iogwq7,BerozgaarVyakti,"It's not disrespectful, they tried to fast-track him into ODIs but it failed, so they're going with a tried and tested team and not trying anything new, Jaiswal is an A-grade cricketer, he can walk into any format just like that",1
1iogwq7,Jaya69Rekha,"Disrespect?

There can only be 15 players and not getting selected is no disrespect.

Typical teenage emotional posts",0
1iogwq7,Capable-Magician-418,"Daddy is not enough, i need atleast 250 runs total in 2 innings to get satisfaction.",5
1iogwq7,wildwhitewolf6,Tbh abhishek is doing good,1
1iogwq7,Capable-Magician-418,There was no need to add him and then remove him after 1 match. It could be avoided if the management either had a proper vision or the guts to back their vision.,6
1iogwq7,Capable-Magician-418,"I have already answered my reasoning u can read it in the comments above, can't repeat the same again and again.",2
1iogwq7,Capable-Magician-418,"Lol, typical judgemental idiot. Neither am i a teenager nor do i think yashasvi should be in the squad. As for what i meant u can read in the above comments i am tired of replying to clowns like u who lack basic understanding of what is the right way to do things.",2
1iogwq7,ipriyanshk20,"Jaiswal was the preferred opener before the Bangladesh T20I series which he didn‚Äôt play due to test season. 
Jaiswal should play all formats for India and he deserves it.",3
1iogwq7,capfum,Agreed..as he shouldn't have been in the team when we have rohit and Gill but there and his time will come as of now he is our best batter maybe after the champion trophy hopefully he'll be there with gill,4
1iogwq7,AJ7123456,Nah man if Jaiswal were to play we would have to drop Shreyas who is in great form right now,1
1iogwq7,Tall_Two8637,And who will drop? You got samson abhishek in t20 and gill rohit in odis,0
1iogwq7,Capable-Magician-418,"And that's what i am trying to say there was no point in debuting him right before ct, trying to fast-track him when if they really wanted to fast-track him they should have played him in sl ODIs, so they made a shit decision and then they didn't even have the guts to back there decision. Dropping jaiswal after 1 match and then removing him from the squad is disrespectful and u guys are downplaying it but what about yashasvi and his family, how did they feel?",2
1iogwq7,ipriyanshk20,"Jaiswal was the preferred opener before the test season and same with Gill.
Samson and Abhishek were just there because the main players were busy in Red ball games.

They will be back when the focus shifts on T20I tournament. That is why this IPL is very important.

For ODIs, yes there is no place untill Rohit retires.",2
1iogwq7,Mental_Abalone_6857,"Ah yes drop the 2 players doing well internationally to accommodate 2 players who haven't played much international T20 lately, even if they do decent in ipl they shouldn't be replacing Abhishek and Samson",0
1iogwq7,ipriyanshk20,"Okay but when did Jaiswal do bad in T20Is to get dropped?

Remember he was the one who was a sure starter before the T20 WC but got benched because they wanted to open with Rohit and Kohli.

1-2 series won‚Äôt change anything, he will walk in mate unless he has a disastrous IPL.",2
1iogwq7,Mental_Abalone_6857,"He definitely didn't do anything wrong, amazing talent who has proven himself time and again up until now, I really believe and hope he is the future of Indian cricket BUT at this point in time I don't think he should be a walk in to the starting 11 when the team is more or less fixed, unless he has an unreal IPL season and one of top current 3 screw it up massively he shouldn't be a walk in, he can be the third option for opener and let form until next Wc decide who gets the playing 11 spot.

he has fixed his spot in Tests but he hasn't done so in the other formats YET",0
1iogwq7,ipriyanshk20,"Bro Abhishek was not even in squad for SL T20Is even after he scored a century in Zimbabwe.
He was removed from the opening spot once Jaiswal was back in Zim series.

Jaiswal is not someone who came to the squad after Abhishek and now has to wait lol. He was number 4 in T20I rankings before the test season. How quickly we forget things.

36 avg @ 164 SR but he has not done anything to cement his spot apparently. Lol sure.",2
1iogwq7,Mental_Abalone_6857,"Ya Zimbabwe series

Thankfully it's not about seniority in the cricket scene so much, no one is forgetting anything also because Babar Azam is no.1 in ODI's rn is he is he better than the likes of Smith especially with his antics in SL? 

 With the idea of getting a team set for the next wc you want your 15/16 to play as much together as possible with minimal experimentation, Abhishek and Samson are doing well at the top, having someone walk into the final 11 in their place will raise more questions than answer, Jaiswal should definitely be in the 15 and get chances in the 11 to figure out which chem of 2 out of 3 works best for the team but breaking something that isn't broken that's just dumb 

Also by your stats logic 33 avg @190+ SR means Abhishek has cemented his spot more than Jaiswal. Cementing the spot means there is no one who could possibly replace your position better than you, Abhishek/Samson got the chance and so far they've done well enough to fight for their spots",0
1iopffm,TickleTheWhiteWalker,"As a KKR fan, it hurts to see Nitish in another jersey! Hope he does well and have a 400+ run season for RR this time.",9
1iopffm,Capable-Magician-418,"1. Jaiswal
2. Samson
3. Nitish
4. Parag 
5. Dhruv
6. Hetmyer f
7. Hasaranga f
8. Archer f
9. Tushar
10. Sandeep
11. Farooqi f (rajiv gandhi doesn't support spinners so farooqi over theekshana)

Ip:
bowl first- Shubham in the 2nd innings

Bat first- kartikeya in 2nd innings if we didn't need to use shubham during batting (we already have 4 pacers in 11 so kartikeya over madhwal)",4
1iopffm,CartographerBrave259,RR winning opening games is not a big deal. They owned us when we had to win. SRH broke out momentum and then best us again in Q2 last year.,2
1iopffm,ipriyanshk20,"Jaiswal

Samson

Nitish

Parag

Jurel

Hetmyer

Kunal/Dubey/Vaibhav

Jofra

Hasaranga

Deshpande

Farooqi

Impact Player - Sandeep/Kartikeya


Batting till 10 (deshpande can smack a few lolüòú)

Hope all goes well üßø",1
1iopffm,unadcunts,Fixtures haven't been officially released yet. What's the source?,1
1iopffm,Bunnyismm,"I can be wrong,  but this is the first time RR looking weak in compare to past few years",1
1iopffm,DesiNPC,"As an RR fan, it‚Äôs going to hurt a lot seeing Jos, Yuzi, Boult, Ashwin play for a different franchise.
So, I can understand üò≠ü•π",12
1iopffm,DesiNPC,The first few matches are confirmed. Check Cricbuzz,1
1iopffm,Erwin_Smith_FAN,Jos in GT would hurt like Nail in your toe ![img](emote|t5_37v43|51299),6
1iopffm,ashu-iiita,"
Maybe we can forget Yuzi, Boult, and Ashwin for once.
But Jos ü•π...
One of the greatest to ever play for RR",2
1iockvm,Batboix3107,Addition of Vikram Rathour is an icing on the cake the T20 World Cup winning batting coach and T 20 World Cup winning head coach,8
1iockvm,ishahahant,"You forgot to mention, dishant yagnik, rajamani, romi bhinder, and sid lehri",5
1iockvm,Ill-Map9464,i thought Sanga went yo KKR,2
1iockvm,ipriyanshk20,"Yeah the coaching setup looks better than last cycle‚Äôs.
Last cycle it was just Sanga doing everything- Head coach, batting and DOC",2
1iockvm,ipriyanshk20,"Rajamani is no more a part of RR also he wasn‚Äôt really part of the coaching staff.

Romi Bhinder is team manager.

Sid Lehri and Yagnik yeah but they are not that much relevantüò≠",-2
1iockvm,ipriyanshk20,Nah lol,2
1iockvm,ishahahant,"Bro lehri and yagnik are way too relevant, lehri is the person who takes care of the continuous assessment at the training centre, and also yagnik made the fielding of our team very strong. Their efforts are always ignored",6
1iockvm,ipriyanshk20,"I meant that during the season they don‚Äôt have that much of a role.

But off season yes Sid plays a big role in academies and also in SA20 and CPL.",0
1iockvm,Capable-Magician-418,"Off season's hard work is what is seen in the IPL, everyone of them is an important and integral part of RR.",1
1iockvm,ipriyanshk20,Not denying that obviously,1
