,player,team,comp
0,A SASANK SRIVATS ,Andhra,col_c_k_nayudu
0,AKULA VIJAY ,Andhra,col_c_k_nayudu
0,B Yeswanth,Andhra,col_c_k_nayudu
0,BHARGAV NANDI,Andhra,col_c_k_nayudu
0,Dvs Sriram,Andhra,col_c_k_nayudu
0,E Dharani Kumar,Andhra,col_c_k_nayudu
0,G Sumith,Andhra,col_c_k_nayudu
0,Gsp Teja,Andhra,col_c_k_nayudu
0,Harsha Vardhan,Andhra,col_c_k_nayudu
0,K NIKHILESHWAR,Andhra,col_c_k_nayudu
0,K Nithish Kumar Reddy,Andhra,col_c_k_nayudu
0,K Revanth Reddy ,Andhra,col_c_k_nayudu
0,K S Raju,Andhra,col_c_k_nayudu
0,K S S Jayanth,Andhra,col_c_k_nayudu
0,M Abhinav,Andhra,col_c_k_nayudu
0,M Hemanth Reddy,Andhra,col_c_k_nayudu
0,M Lekhaz ,Andhra,col_c_k_nayudu
0,M Ravi Kiran,Andhra,col_c_k_nayudu
0,M V BHAVENDRA REDDY,Andhra,col_c_k_nayudu
0,Pasam Naveen,Andhra,col_c_k_nayudu
0,R Reddy Prakash,Andhra,col_c_k_nayudu
0,S Akhil,Andhra,col_c_k_nayudu
0,S K Ismail,Andhra,col_c_k_nayudu
0,S K Rasheed,Andhra,col_c_k_nayudu
0,S Venkata Rahul,Andhra,col_c_k_nayudu
0,Saketh Ram,Andhra,col_c_k_nayudu
0,Sdnv Prasad,Andhra,col_c_k_nayudu
0,Srikar,Andhra,col_c_k_nayudu
0,Subramanyam,Andhra,col_c_k_nayudu
0,T A Hemanth Kumar,Andhra,col_c_k_nayudu
0,Teja Reddy,Andhra,col_c_k_nayudu
0,Tripurana Vijay,Andhra,col_c_k_nayudu
0,Vasu,Andhra,col_c_k_nayudu
1,AAKASH RANA,Arunachal Pradesh,col_c_k_nayudu
1,ABHISHEK THAKUR,Arunachal Pradesh,col_c_k_nayudu
1,Agrem Yun,Arunachal Pradesh,col_c_k_nayudu
1,Aman Pisa,Arunachal Pradesh,col_c_k_nayudu
1,Amarjeet Sharma ,Arunachal Pradesh,col_c_k_nayudu
1,ANKIT,Arunachal Pradesh,col_c_k_nayudu
1,Ankit Gupta,Arunachal Pradesh,col_c_k_nayudu
1,ARJUN,Arunachal Pradesh,col_c_k_nayudu
1,Ayush Kumar Singh,Arunachal Pradesh,col_c_k_nayudu
1,B Chungya,Arunachal Pradesh,col_c_k_nayudu
1,B S Kakum,Arunachal Pradesh,col_c_k_nayudu
1,Dado Tachung,Arunachal Pradesh,col_c_k_nayudu
1,DEV PATHAK,Arunachal Pradesh,col_c_k_nayudu
1,Dodum,Arunachal Pradesh,col_c_k_nayudu
1,GAUTI ,Arunachal Pradesh,col_c_k_nayudu
1,Gepal,Arunachal Pradesh,col_c_k_nayudu
1,Gollo Aga,Arunachal Pradesh,col_c_k_nayudu
1,Harinath Kumar,Arunachal Pradesh,col_c_k_nayudu
1,Jatin Vashisht,Arunachal Pradesh,col_c_k_nayudu
1,Kenni,Arunachal Pradesh,col_c_k_nayudu
1,Leki Tsering,Arunachal Pradesh,col_c_k_nayudu
1,Likha Tayam,Arunachal Pradesh,col_c_k_nayudu
1,LUCKY FARMAN KHAN,Arunachal Pradesh,col_c_k_nayudu
1,Magung ,Arunachal Pradesh,col_c_k_nayudu
1,MANISH KUMAR,Arunachal Pradesh,col_c_k_nayudu
1,Mindu Tsering,Arunachal Pradesh,col_c_k_nayudu
1,Nabam Abo,Arunachal Pradesh,col_c_k_nayudu
1,Nabam India,Arunachal Pradesh,col_c_k_nayudu
1,Nabam Kama,Arunachal Pradesh,col_c_k_nayudu
1,Nabam Takar,Arunachal Pradesh,col_c_k_nayudu
1,Nabam Totu,Arunachal Pradesh,col_c_k_nayudu
1,Nara Weshi,Arunachal Pradesh,col_c_k_nayudu
1,Nich Mima,Arunachal Pradesh,col_c_k_nayudu
1,NIKHIL,Arunachal Pradesh,col_c_k_nayudu
1,PAWAN KUMAR,Arunachal Pradesh,col_c_k_nayudu
1,PIYUSH KUMAR,Arunachal Pradesh,col_c_k_nayudu
1,Prateek Chaubey,Arunachal Pradesh,col_c_k_nayudu
1,PRINCE KUMAR,Arunachal Pradesh,col_c_k_nayudu
1,Ram,Arunachal Pradesh,col_c_k_nayudu
1,Rebi,Arunachal Pradesh,col_c_k_nayudu
1,SANTOSH,Arunachal Pradesh,col_c_k_nayudu
1,SIMRAN,Arunachal Pradesh,col_c_k_nayudu
1,SRAJAN KUMAR,Arunachal Pradesh,col_c_k_nayudu
1,SUMIT,Arunachal Pradesh,col_c_k_nayudu
1,T Muri,Arunachal Pradesh,col_c_k_nayudu
1,T Sania,Arunachal Pradesh,col_c_k_nayudu
1,Tana James,Arunachal Pradesh,col_c_k_nayudu
1,Tarum,Arunachal Pradesh,col_c_k_nayudu
1,Taying Siyum,Arunachal Pradesh,col_c_k_nayudu
1,Techi Dol,Arunachal Pradesh,col_c_k_nayudu
1,Techi Tania Tara,Arunachal Pradesh,col_c_k_nayudu
1,Teli Rade ,Arunachal Pradesh,col_c_k_nayudu
1,Tik Lee,Arunachal Pradesh,col_c_k_nayudu
1,Tnc Tassar,Arunachal Pradesh,col_c_k_nayudu
1,TOTI,Arunachal Pradesh,col_c_k_nayudu
1,Tsering,Arunachal Pradesh,col_c_k_nayudu
1,UTTAM,Arunachal Pradesh,col_c_k_nayudu
1,VIBHANSHU,Arunachal Pradesh,col_c_k_nayudu
1,YOGESH KUMAR,Arunachal Pradesh,col_c_k_nayudu
2,Abdul Ajij Kuraishi,Assam,col_c_k_nayudu
2,Abhishek Gupta  ,Assam,col_c_k_nayudu
2,AKSHAY KUMAR DEKA,Assam,col_c_k_nayudu
2,Amlanjyoti Das,Assam,col_c_k_nayudu
2,Atlaf Alam,Assam,col_c_k_nayudu
2,Bhargab Pratim Lahkar,Assam,col_c_k_nayudu
2,Bishal Roy,Assam,col_c_k_nayudu
2,Bishal Saha,Assam,col_c_k_nayudu
2,CHINTU DEKA,Assam,col_c_k_nayudu
2,Debanshu Ghosh,Assam,col_c_k_nayudu
2,Dipjyoti Saikia,Assam,col_c_k_nayudu
2,Hrishikesh Borah,Assam,col_c_k_nayudu
2,Jay Borah,Assam,col_c_k_nayudu
2,Manjeet Deka,Assam,col_c_k_nayudu
2,Mayukh Hazarika,Assam,col_c_k_nayudu
2,Nibir Deka,Assam,col_c_k_nayudu
2,Nihar Deka,Assam,col_c_k_nayudu
2,Pradyun Saikia,Assam,col_c_k_nayudu
2,Praseer Changmai,Assam,col_c_k_nayudu
2,PRITISH RAHA ROY,Assam,col_c_k_nayudu
2,Rajesh Prasad,Assam,col_c_k_nayudu
2,Rangojyoti Kharghoria,Assam,col_c_k_nayudu
2,Reshabh Dipok,Assam,col_c_k_nayudu
2,Rituraj Biswas,Assam,col_c_k_nayudu
2,Rohan Hazarika,Assam,col_c_k_nayudu
2,Rohit Sen ,Assam,col_c_k_nayudu
2,Ronit Akhter,Assam,col_c_k_nayudu
2,Roshan Topno ,Assam,col_c_k_nayudu
2,Saurav Dey,Assam,col_c_k_nayudu
2,Saurav Mousum Dihingia,Assam,col_c_k_nayudu
2,Shraban Kr Khound ,Assam,col_c_k_nayudu
2,Shubham Kr Gupta,Assam,col_c_k_nayudu
2,Sourav Saha,Assam,col_c_k_nayudu
2,Sumit Kashyap,Assam,col_c_k_nayudu
2,SWARAJ BORAH,Assam,col_c_k_nayudu
2,Vastav Basumatary,Assam,col_c_k_nayudu
2,Ziyad Zaman,Assam,col_c_k_nayudu
3,A D Patel,Baroda,col_c_k_nayudu
3,ANADI PRATAP SINGH,Baroda,col_c_k_nayudu
3,ARYAN CHAVDA,Baroda,col_c_k_nayudu
3,Aum Thakkar,Baroda,col_c_k_nayudu
3,Bhaskar Tungare,Baroda,col_c_k_nayudu
3,Bhavishya Bhavesh Patel,Baroda,col_c_k_nayudu
3,CHIRAG WAGH,Baroda,col_c_k_nayudu
3,Deep,Baroda,col_c_k_nayudu
3,Deep H Patel,Baroda,col_c_k_nayudu
3,Dhruv N Patel,Baroda,col_c_k_nayudu
3,Dhruv Patel ,Baroda,col_c_k_nayudu
3,Dhruva Rajesh Bhatti ,Baroda,col_c_k_nayudu
3,Harsh Desai,Baroda,col_c_k_nayudu
3,HARSH SANDILEA,Baroda,col_c_k_nayudu
3,HARSHIT M,Baroda,col_c_k_nayudu
3,Henil Patel,Baroda,col_c_k_nayudu
3,HITANSHU OAD,Baroda,col_c_k_nayudu
3,Hrushikesh Rakhe,Baroda,col_c_k_nayudu
3,IRFAN SHAIKH,Baroda,col_c_k_nayudu
3,Jadav Rajvirsinh,Baroda,col_c_k_nayudu
3,Jay Chavda,Baroda,col_c_k_nayudu
3,Karan Umatt,Baroda,col_c_k_nayudu
3,Kevin Chaitania,Baroda,col_c_k_nayudu
3,KEVIN MEHTA,Baroda,col_c_k_nayudu
3,Keyur Kale,Baroda,col_c_k_nayudu
3,Kuldeep Chouhan,Baroda,col_c_k_nayudu
3,Lakshyajeet P,Baroda,col_c_k_nayudu
3,Mahesh Pithiya,Baroda,col_c_k_nayudu
3,Manav Bedekar,Baroda,col_c_k_nayudu
3,Mann Naik,Baroda,col_c_k_nayudu
3,Mit Mangukiya,Baroda,col_c_k_nayudu
3,Narayan Kartikey,Baroda,col_c_k_nayudu
3,NATHA SHEHBAJ,Baroda,col_c_k_nayudu
3,P Patidar,Baroda,col_c_k_nayudu
3,Priyanshu Moliya,Baroda,col_c_k_nayudu
3,Rachesh Kessur,Baroda,col_c_k_nayudu
3,Raj Limbani,Baroda,col_c_k_nayudu
3,Rushikesh Jadhav,Baroda,col_c_k_nayudu
3,Shailendra Yadav,Baroda,col_c_k_nayudu
3,Shashank Bhatnagar,Baroda,col_c_k_nayudu
3,SVJOUNJAT,Baroda,col_c_k_nayudu
3,Tasmay Bedade,Baroda,col_c_k_nayudu
3,UTSAV CHAUDHARY ,Baroda,col_c_k_nayudu
3,Utsavraj Chudasma,Baroda,col_c_k_nayudu
3,Vaibhav H B,Baroda,col_c_k_nayudu
3,VISHV CHAUDHARI ,Baroda,col_c_k_nayudu
4,Aditya Kumar Giri,Bengal,col_c_k_nayudu
4,Ajoyendra Mukherjee ,Bengal,col_c_k_nayudu
4,Ali Ahmed,Bengal,col_c_k_nayudu
4,Amanjyot,Bengal,col_c_k_nayudu
4,Anas,Bengal,col_c_k_nayudu
4,Aniket Biswas,Bengal,col_c_k_nayudu
4,Anish Biswas,Bengal,col_c_k_nayudu
4,ANISH DUTTA,Bengal,col_c_k_nayudu
4,ANISH PRASAD,Bengal,col_c_k_nayudu
4,Anuj Kumar Singh ,Bengal,col_c_k_nayudu
4,Argha Sengupta,Bengal,col_c_k_nayudu
4,Dilshad Khan,Bengal,col_c_k_nayudu
4,H D Gautam,Bengal,col_c_k_nayudu
4,Jahir Ahammed,Bengal,col_c_k_nayudu
4,MD Shoeb Khan,Bengal,col_c_k_nayudu
4,Milind Mondal,Bengal,col_c_k_nayudu
4,NARAYAN RANA,Bengal,col_c_k_nayudu
4,NURUDDIN MONDAL,Bengal,col_c_k_nayudu
4,Parmit Singh,Bengal,col_c_k_nayudu
4,Prayas Ray Barman,Bengal,col_c_k_nayudu
4,Priyanshu Patel,Bengal,col_c_k_nayudu
4,Rahul Chowdhary,Bengal,col_c_k_nayudu
4,Rahul Prasad,Bengal,col_c_k_nayudu
4,Ravi Kumar,Bengal,col_c_k_nayudu
4,Rishabh Chaudhary,Bengal,col_c_k_nayudu
4,Rohit Kumar,Bengal,col_c_k_nayudu
4,Rohit Ram,Bengal,col_c_k_nayudu
4,Ronit Deb ,Bengal,col_c_k_nayudu
4,Sagen Murmu,Bengal,col_c_k_nayudu
4,Sahitya Hazra,Bengal,col_c_k_nayudu
4,Salman Ahmed,Bengal,col_c_k_nayudu
4,Sayan Dey,Bengal,col_c_k_nayudu
4,Sayed Irfan Aftab,Bengal,col_c_k_nayudu
4,SOMEN MAHANTI ,Bengal,col_c_k_nayudu
4,Soumyajyoti,Bengal,col_c_k_nayudu
4,Soutrik Das,Bengal,col_c_k_nayudu
4,Subham Singh,Bengal,col_c_k_nayudu
4,Sukhmeet Singh,Bengal,col_c_k_nayudu
4,Sumit Nag ,Bengal,col_c_k_nayudu
4,Vishal Kumar Roy,Bengal,col_c_k_nayudu
4,VISHVAJEET MISHRA,Bengal,col_c_k_nayudu
4,YUVRAJ GUPTA,Bengal,col_c_k_nayudu
5,Abhishek Anand,Bihar,col_c_k_nayudu
5,Abhishek Babu,Bihar,col_c_k_nayudu
5,Abhishek Kumar,Bihar,col_c_k_nayudu
5,Abhishek Kumar ,Bihar,col_c_k_nayudu
5,ADARSH LAL,Bihar,col_c_k_nayudu
5,ADARSH PANDEY,Bihar,col_c_k_nayudu
5,Aditya,Bihar,col_c_k_nayudu
5,ADITYA,Bihar,col_c_k_nayudu
5,Aditya Kumar,Bihar,col_c_k_nayudu
5,Aditya Shivam,Bihar,col_c_k_nayudu
5,Aditya Soni,Bihar,col_c_k_nayudu
5,Akash Varma,Bihar,col_c_k_nayudu
5,Altamish,Bihar,col_c_k_nayudu
5,AMIR MASUD,Bihar,col_c_k_nayudu
5,AMIT KUMAR,Bihar,col_c_k_nayudu
5,Amit Satyam ,Bihar,col_c_k_nayudu
5,Animesh Kumar,Bihar,col_c_k_nayudu
5,ANKIT KR SINGH,Bihar,col_c_k_nayudu
5,Ankit Raj,Bihar,col_c_k_nayudu
5,Ankush,Bihar,col_c_k_nayudu
5,Anup Kumar,Bihar,col_c_k_nayudu
5,Arnav Kishor,Bihar,col_c_k_nayudu
5,Arunesh Kumar,Bihar,col_c_k_nayudu
5,Aryan Raj,Bihar,col_c_k_nayudu
5,Asif Iqubal,Bihar,col_c_k_nayudu
5,Badal Kanaujia,Bihar,col_c_k_nayudu
5,Bhaswan,Bihar,col_c_k_nayudu
5,CHANDAN PANDEY,Bihar,col_c_k_nayudu
5,Chandan Yadav,Bihar,col_c_k_nayudu
5,Deepak,Bihar,col_c_k_nayudu
5,Dhanesh A Chauhan,Bihar,col_c_k_nayudu
5,Harsh Nanda,Bihar,col_c_k_nayudu
5,Harsh Raj Puru,Bihar,col_c_k_nayudu
5,Harshit  ,Bihar,col_c_k_nayudu
5,HIMANSHU TIWARI,Bihar,col_c_k_nayudu
5,Kanishk Kaustabh,Bihar,col_c_k_nayudu
5,Kumar Shrey,Bihar,col_c_k_nayudu
5,Kunal Kumar,Bihar,col_c_k_nayudu
5,Manish Kumar,Bihar,col_c_k_nayudu
5,Mayank Kumar,Bihar,col_c_k_nayudu
5,MD Izhar,Bihar,col_c_k_nayudu
5,MD PARWEZ ALAM,Bihar,col_c_k_nayudu
5,MD YAQUB,Bihar,col_c_k_nayudu
5,Naman Gaurav,Bihar,col_c_k_nayudu
5,Nishant Kumar Singh,Bihar,col_c_k_nayudu
5,Pawan Rai,Bihar,col_c_k_nayudu
5,PRASHANT KUMAR,Bihar,col_c_k_nayudu
5,Prashant Kumar,Bihar,col_c_k_nayudu
5,Prince Singh,Bihar,col_c_k_nayudu
5,Rahul Kumar,Bihar,col_c_k_nayudu
5,Raj,Bihar,col_c_k_nayudu
5,Ranjan Raj ,Bihar,col_c_k_nayudu
5,Ravi Singh,Bihar,col_c_k_nayudu
5,RISHAV GUPTA,Bihar,col_c_k_nayudu
5,Rohit,Bihar,col_c_k_nayudu
5,ROUSHAN KUMAR,Bihar,col_c_k_nayudu
5,SADIQUE RAZA,Bihar,col_c_k_nayudu
5,Sahid,Bihar,col_c_k_nayudu
5,Samarjit,Bihar,col_c_k_nayudu
5,Shashank Upadhyay ,Bihar,col_c_k_nayudu
5,Shivam Kumar,Bihar,col_c_k_nayudu
5,Shivam Kumar,Bihar,col_c_k_nayudu
5,Shlok,Bihar,col_c_k_nayudu
5,SURAJ,Bihar,col_c_k_nayudu
5,Suraj Kashyap,Bihar,col_c_k_nayudu
5,SURAJ VIJAY,Bihar,col_c_k_nayudu
5,Tarun Kumar Singh,Bihar,col_c_k_nayudu
5,Ujjwal Kumar,Bihar,col_c_k_nayudu
5,Utkarsh Singh,Bihar,col_c_k_nayudu
5,VEER ABHIMANYU,Bihar,col_c_k_nayudu
5,VISHAL KUMAR,Bihar,col_c_k_nayudu
5,Yashraj,Bihar,col_c_k_nayudu
5,YUSUF NADEEM,Bihar,col_c_k_nayudu
6,Aarush Bhandari ,Chandigarh,col_c_k_nayudu
6,Aayush Shukla,Chandigarh,col_c_k_nayudu
6,Ajai Jain,Chandigarh,col_c_k_nayudu
6,Akshit Rana  ,Chandigarh,col_c_k_nayudu
6,Aman Garg,Chandigarh,col_c_k_nayudu
6,Anmol Sharma,Chandigarh,col_c_k_nayudu
6,Arbab Iqbal,Chandigarh,col_c_k_nayudu
6,Arjun V Sharma,Chandigarh,col_c_k_nayudu
6,Armaan Jakhar,Chandigarh,col_c_k_nayudu
6,Arnav Bansal,Chandigarh,col_c_k_nayudu
6,Aryan Duggal,Chandigarh,col_c_k_nayudu
6,AVIRAJ SINGH GILL,Chandigarh,col_c_k_nayudu
6,Chaitanya Sharma,Chandigarh,col_c_k_nayudu
6,Devang Kaushik ,Chandigarh,col_c_k_nayudu
6,Dhananjay Sharma,Chandigarh,col_c_k_nayudu
6,Dhanda,Chandigarh,col_c_k_nayudu
6,Dipender Kush,Chandigarh,col_c_k_nayudu
6,Dushyant,Chandigarh,col_c_k_nayudu
6,Gagan Verma ,Chandigarh,col_c_k_nayudu
6,Gauravdeep Singh Gill,Chandigarh,col_c_k_nayudu
6,Gurneet Singh,Chandigarh,col_c_k_nayudu
6,GURTAJ SINGH BAINS,Chandigarh,col_c_k_nayudu
6,Harish,Chandigarh,col_c_k_nayudu
6,Harman,Chandigarh,col_c_k_nayudu
6,Harshit,Chandigarh,col_c_k_nayudu
6,Ishmit,Chandigarh,col_c_k_nayudu
6,Ivraj Ranauta,Chandigarh,col_c_k_nayudu
6,Jagjeet Singh,Chandigarh,col_c_k_nayudu
6,Jashan Pannu,Chandigarh,col_c_k_nayudu
6,JASHANJOT SUDAN,Chandigarh,col_c_k_nayudu
6,Jaskirat Singh Mehra,Chandigarh,col_c_k_nayudu
6,KANISHK,Chandigarh,col_c_k_nayudu
6,Karan Sharma,Chandigarh,col_c_k_nayudu
6,Manav Malik,Chandigarh,col_c_k_nayudu
6,Mohd Ashad,Chandigarh,col_c_k_nayudu
6,Neel,Chandigarh,col_c_k_nayudu
6,Nikhil,Chandigarh,col_c_k_nayudu
6,Paras,Chandigarh,col_c_k_nayudu
6,Prashant Ahlawat ,Chandigarh,col_c_k_nayudu
6,Pratham Sodhi,Chandigarh,col_c_k_nayudu
6,RIPUDAMAN SINGH GODHAN,Chandigarh,col_c_k_nayudu
6,Rishab Rizvi,Chandigarh,col_c_k_nayudu
6,Sahil Kumar,Chandigarh,col_c_k_nayudu
6,Samardeep,Chandigarh,col_c_k_nayudu
6,Sarthak Sharan,Chandigarh,col_c_k_nayudu
6,Sehbaaz Singh,Chandigarh,col_c_k_nayudu
6,Shubham,Chandigarh,col_c_k_nayudu
6,Sohail,Chandigarh,col_c_k_nayudu
6,SOMIT,Chandigarh,col_c_k_nayudu
6,Surya Narayan Yadav,Chandigarh,col_c_k_nayudu
6,Tejasveer Saraon,Chandigarh,col_c_k_nayudu
6,Tejveer,Chandigarh,col_c_k_nayudu
6,Yuvraj Rai,Chandigarh,col_c_k_nayudu
7,Aayush Singh Thakur,Chhattisgarh,col_c_k_nayudu
7,Abdul Anas Khan,Chhattisgarh,col_c_k_nayudu
7,Abhijeet Tah,Chhattisgarh,col_c_k_nayudu
7,Ambrish Kumar Singh,Chhattisgarh,col_c_k_nayudu
7,Anurag Mishra,Chhattisgarh,col_c_k_nayudu
7,Anurag Sahu,Chhattisgarh,col_c_k_nayudu
7,Arin Dwivedi,Chhattisgarh,col_c_k_nayudu
7,Ashish Kumar Dahariya,Chhattisgarh,col_c_k_nayudu
7,Ayush Pandey,Chhattisgarh,col_c_k_nayudu
7,Bharat Gondwani,Chhattisgarh,col_c_k_nayudu
7,DARVANSH SINGH BHUPPAL,Chhattisgarh,col_c_k_nayudu
7,Deepak Singh,Chhattisgarh,col_c_k_nayudu
7,Deepak Yadav,Chhattisgarh,col_c_k_nayudu
7,Dev Aditya Singh,Chhattisgarh,col_c_k_nayudu
7,Gaurav Chaturvedi,Chhattisgarh,col_c_k_nayudu
7,HARSH KUMAR,Chhattisgarh,col_c_k_nayudu
7,HARSH RATHORE,Chhattisgarh,col_c_k_nayudu
7,Harsh Sahu ,Chhattisgarh,col_c_k_nayudu
7,Jitesh Kumar Verma,Chhattisgarh,col_c_k_nayudu
7,Kivnoor Singh,Chhattisgarh,col_c_k_nayudu
7,Manish Ray,Chhattisgarh,col_c_k_nayudu
7,Manraj Singh Dhillon,Chhattisgarh,col_c_k_nayudu
7,Mayank Verma ,Chhattisgarh,col_c_k_nayudu
7,Mayank Yadav,Chhattisgarh,col_c_k_nayudu
7,MO Ishhak Khan,Chhattisgarh,col_c_k_nayudu
7,Nikhil Kanoriya ,Chhattisgarh,col_c_k_nayudu
7,Prabhash Shukla,Chhattisgarh,col_c_k_nayudu
7,Prabhat Anand,Chhattisgarh,col_c_k_nayudu
7,Prashant Sai Painkra,Chhattisgarh,col_c_k_nayudu
7,Pratham Singh Thakur ,Chhattisgarh,col_c_k_nayudu
7,RAHUL PRADHAN ,Chhattisgarh,col_c_k_nayudu
7,Samarpit Thakur,Chhattisgarh,col_c_k_nayudu
7,Satyam Dubey,Chhattisgarh,col_c_k_nayudu
7,Shashwat Sharda,Chhattisgarh,col_c_k_nayudu
7,Shobhit Sharma,Chhattisgarh,col_c_k_nayudu
7,SUMIT AGRAWAL,Chhattisgarh,col_c_k_nayudu
7,Sunny Pandey,Chhattisgarh,col_c_k_nayudu
7,T Advaith,Chhattisgarh,col_c_k_nayudu
7,Tanmay Sharma,Chhattisgarh,col_c_k_nayudu
7,Varun Singh Bhuie,Chhattisgarh,col_c_k_nayudu
7,Vasudev Bareth,Chhattisgarh,col_c_k_nayudu
7,Vijay Yadav,Chhattisgarh,col_c_k_nayudu
8,Aatrey,Delhi,col_c_k_nayudu
8,Aayush Singh,Delhi,col_c_k_nayudu
8,Agrim Sharma,Delhi,col_c_k_nayudu
8,AKHIL CHAUDHARY,Delhi,col_c_k_nayudu
8,Akshay Kapoor,Delhi,col_c_k_nayudu
8,Aman Bharti,Delhi,col_c_k_nayudu
8,Anant Sareen,Delhi,col_c_k_nayudu
8,Ankit Rajesh Kumar,Delhi,col_c_k_nayudu
8,Arpit Rana,Delhi,col_c_k_nayudu
8,Aryan Dalal,Delhi,col_c_k_nayudu
8,Ayush Doseja,Delhi,col_c_k_nayudu
8,Dev Lakra,Delhi,col_c_k_nayudu
8,DHAIRYA SINGH,Delhi,col_c_k_nayudu
8,Dhruv Chauhan,Delhi,col_c_k_nayudu
8,Divij Mehra,Delhi,col_c_k_nayudu
8,Gaurav Mehra,Delhi,col_c_k_nayudu
8,Gaurav Sabharwal ,Delhi,col_c_k_nayudu
8,Hardik Sharma,Delhi,col_c_k_nayudu
8,ISHAN CHOPRA,Delhi,col_c_k_nayudu
8,Karan Garg ,Delhi,col_c_k_nayudu
8,KARN KASHYAP,Delhi,col_c_k_nayudu
8,Kavya Gupta,Delhi,col_c_k_nayudu
8,Keshav Singh Dalal ,Delhi,col_c_k_nayudu
8,Krish Yadav ,Delhi,col_c_k_nayudu
8,Kush Nagpal,Delhi,col_c_k_nayudu
8,Lakshay Sehrawat,Delhi,col_c_k_nayudu
8,MANAN BHARDWAJ,Delhi,col_c_k_nayudu
8,Mayank Gusain,Delhi,col_c_k_nayudu
8,Naman Wason,Delhi,col_c_k_nayudu
8,Parteek,Delhi,col_c_k_nayudu
8,Prabhjot Singh,Delhi,col_c_k_nayudu
8,Priyansh Arya,Delhi,col_c_k_nayudu
8,Raghav Singh,Delhi,col_c_k_nayudu
8,Rahul Chaudhary,Delhi,col_c_k_nayudu
8,Rishabh Rana,Delhi,col_c_k_nayudu
8,RISHI SHARMA,Delhi,col_c_k_nayudu
8,Rohan,Delhi,col_c_k_nayudu
8,Rounak Waghela,Delhi,col_c_k_nayudu
8,Saksham Singroha,Delhi,col_c_k_nayudu
8,Shaurya Malik,Delhi,col_c_k_nayudu
8,Shreeyans Mahey ,Delhi,col_c_k_nayudu
8,Shreshth Yadav,Delhi,col_c_k_nayudu
8,Sujal Singh,Delhi,col_c_k_nayudu
8,Tarun Bisht,Delhi,col_c_k_nayudu
8,VANSH VEENA BEDI ,Delhi,col_c_k_nayudu
8,Vivek Kumar Tiwari,Delhi,col_c_k_nayudu
8,Vivek Yadav,Delhi,col_c_k_nayudu
8,Y Bhardwaj,Delhi,col_c_k_nayudu
8,Yajas Sharma,Delhi,col_c_k_nayudu
8,Yash Bhatia,Delhi,col_c_k_nayudu
8,Yashwardhan Oberoi ,Delhi,col_c_k_nayudu
8,Yatish Singh,Delhi,col_c_k_nayudu
8,Yugal Saini,Delhi,col_c_k_nayudu
9,Abhinandan Thakur,Goa,col_c_k_nayudu
9,Aryan Ajay Narvekar,Goa,col_c_k_nayudu
9,ASHMIT BHARAT PATIL,Goa,col_c_k_nayudu
9,Ayush Verlekar,Goa,col_c_k_nayudu
9,Azaan Thota,Goa,col_c_k_nayudu
9,Chittem Devankumar,Goa,col_c_k_nayudu
9,Deepanshu Sharma,Goa,col_c_k_nayudu
9,Izaan Shaikh,Goa,col_c_k_nayudu
9,JAY ,Goa,col_c_k_nayudu
9,Kaushal Hattangadi,Goa,col_c_k_nayudu
9,Lakhmesh Pawane,Goa,col_c_k_nayudu
9,MAYUR KANADE,Goa,col_c_k_nayudu
9,MIHIR GAWDE,Goa,col_c_k_nayudu
9,PRAKASH LAMANI,Goa,col_c_k_nayudu
9,Ratish Tate,Goa,col_c_k_nayudu
9,Rudresh Sharma,Goa,col_c_k_nayudu
9,Sanath Nevagi,Goa,col_c_k_nayudu
9,SARFARAJ MOHAMMAD,Goa,col_c_k_nayudu
9,SARVESH GURAV,Goa,col_c_k_nayudu
9,Shadab Khan,Goa,col_c_k_nayudu
9,SHIVAM PRATAP SINGH,Goa,col_c_k_nayudu
9,Shivendra H Bhujbal ,Goa,col_c_k_nayudu
9,Vinayak G Kunte,Goa,col_c_k_nayudu
10,A R Desai,Gujarat,col_c_k_nayudu
10,Aditya Raval ,Gujarat,col_c_k_nayudu
10,Ahaan Poddar,Gujarat,col_c_k_nayudu
10,Arya Rathod,Gujarat,col_c_k_nayudu
10,Aryadevsinh Vaghela  ,Gujarat,col_c_k_nayudu
10,Ashutosh Patel,Gujarat,col_c_k_nayudu
10,BHAVIN D RATHOD,Gujarat,col_c_k_nayudu
10,Bhavya V Chouhan,Gujarat,col_c_k_nayudu
10,Divya D Jadhav,Gujarat,col_c_k_nayudu
10,Dixit Prajapati,Gujarat,col_c_k_nayudu
10,Gevin Prajapati,Gujarat,col_c_k_nayudu
10,J K Bhatt,Gujarat,col_c_k_nayudu
10,Jay Malusare,Gujarat,col_c_k_nayudu
10,JVAL S DESAI,Gujarat,col_c_k_nayudu
10,KALP V JAIN,Gujarat,col_c_k_nayudu
10,KREEPAL P BARAD,Gujarat,col_c_k_nayudu
10,Krish Amit Gupta,Gujarat,col_c_k_nayudu
10,Krish Patel,Gujarat,col_c_k_nayudu
10,Kushan Shyam Patel,Gujarat,col_c_k_nayudu
10,MANTHAN R UPADHYAY,Gujarat,col_c_k_nayudu
10,Nirmal Prajapati,Gujarat,col_c_k_nayudu
10,Nisarg Rakholia,Gujarat,col_c_k_nayudu
10,Patel Dhrumin,Gujarat,col_c_k_nayudu
10,PAVTRA V PATEL,Gujarat,col_c_k_nayudu
10,Pranshu V Badheka,Gujarat,col_c_k_nayudu
10,Priyesh ,Gujarat,col_c_k_nayudu
10,Rishi Umrigar,Gujarat,col_c_k_nayudu
10,ROHAN MISTRY,Gujarat,col_c_k_nayudu
10,Rohan Patil,Gujarat,col_c_k_nayudu
10,Ronit Patel,Gujarat,col_c_k_nayudu
10,Rudra Patel,Gujarat,col_c_k_nayudu
10,S J Patel  ,Gujarat,col_c_k_nayudu
10,S M Prajapati,Gujarat,col_c_k_nayudu
10,SAURABH VERMA,Gujarat,col_c_k_nayudu
10,Shehzor Diwan,Gujarat,col_c_k_nayudu
10,Shen Patel,Gujarat,col_c_k_nayudu
10,Siddhish Patel,Gujarat,col_c_k_nayudu
10,Sujal Jiwani,Gujarat,col_c_k_nayudu
10,Tirth Patel,Gujarat,col_c_k_nayudu
10,Ujjwal J Bhagat,Gujarat,col_c_k_nayudu
10,Vikas Mahla,Gujarat,col_c_k_nayudu
10,VISHVARAJSINH G PARMAR,Gujarat,col_c_k_nayudu
10,Yash Mistry,Gujarat,col_c_k_nayudu
10,Yuvraj Singh,Gujarat,col_c_k_nayudu
11,NAMAN SINGH CHAUDHARY,Haryana,col_c_k_nayudu
11,Aashirwad Sharma,Haryana,col_c_k_nayudu
11,Aayush Kumar,Haryana,col_c_k_nayudu
11,Aayush Sharma,Haryana,col_c_k_nayudu
11,Abhijeet W,Haryana,col_c_k_nayudu
11,Aditya Kumar,Haryana,col_c_k_nayudu
11,Aditya Paweriya,Haryana,col_c_k_nayudu
11,AKSHAY KUMAR,Haryana,col_c_k_nayudu
11,Aman Ray,Haryana,col_c_k_nayudu
11,AMIT KUMAR SHARMA,Haryana,col_c_k_nayudu
11,Anuj Thakral,Haryana,col_c_k_nayudu
11,Arsh Ranga,Haryana,col_c_k_nayudu
11,Ashish Siwach ,Haryana,col_c_k_nayudu
11,Avinash Singh,Haryana,col_c_k_nayudu
11,Bharat Yadav,Haryana,col_c_k_nayudu
11,Bhuwan Rohilla,Haryana,col_c_k_nayudu
11,Chirag Kaliraman ,Haryana,col_c_k_nayudu
11,CHIRAG RASTOGI,Haryana,col_c_k_nayudu
11,DAKSH KAMRA,Haryana,col_c_k_nayudu
11,DEV SHARMA,Haryana,col_c_k_nayudu
11,Dinesh Bana  ,Haryana,col_c_k_nayudu
11,Farid Khan,Haryana,col_c_k_nayudu
11,Garv Kataria,Haryana,col_c_k_nayudu
11,Garv Sangwan,Haryana,col_c_k_nayudu
11,Harish Bhadana,Haryana,col_c_k_nayudu
11,HARMAN MALIK,Haryana,col_c_k_nayudu
11,HARSH SHARMA,Haryana,col_c_k_nayudu
11,Ishaan Gupta,Haryana,col_c_k_nayudu
11,Ishan Khurana,Haryana,col_c_k_nayudu
11,Ishant Bhardwaj,Haryana,col_c_k_nayudu
11,Jay Kataria,Haryana,col_c_k_nayudu
11,Jitesh,Haryana,col_c_k_nayudu
11,KARANDEEP JOMINDER SINGH,Haryana,col_c_k_nayudu
11,Lakshay Sangwan,Haryana,col_c_k_nayudu
11,Lakshay Yadav,Haryana,col_c_k_nayudu
11,Mayank Janghu,Haryana,col_c_k_nayudu
11,Mayank Shandilya,Haryana,col_c_k_nayudu
11,Nirman Juneja ,Haryana,col_c_k_nayudu
11,Nishant Sindhu,Haryana,col_c_k_nayudu
11,Parav Singla,Haryana,col_c_k_nayudu
11,Parth Nagill,Haryana,col_c_k_nayudu
11,Parth Vats,Haryana,col_c_k_nayudu
11,Piyush Dahiya,Haryana,col_c_k_nayudu
11,Pratham Sindhwani,Haryana,col_c_k_nayudu
11,Prince Kumar,Haryana,col_c_k_nayudu
11,Rahul Rathee,Haryana,col_c_k_nayudu
11,Rishabh Dhanda,Haryana,col_c_k_nayudu
11,RITIK KUMAR,Haryana,col_c_k_nayudu
11,Rohan Deshwal,Haryana,col_c_k_nayudu
11,Rohan Rana,Haryana,col_c_k_nayudu
11,SACHIN MITTAL,Haryana,col_c_k_nayudu
11,SACHIN PUNDIR,Haryana,col_c_k_nayudu
11,Samant Jakhar,Haryana,col_c_k_nayudu
11,Sangam Sharma,Haryana,col_c_k_nayudu
11,Sarvesh Rohilla ,Haryana,col_c_k_nayudu
11,Shubham Lamba,Haryana,col_c_k_nayudu
11,Vishal Chauhan ,Haryana,col_c_k_nayudu
11,Vivek Kumar,Haryana,col_c_k_nayudu
11,Yashvardhan Dalal ,Haryana,col_c_k_nayudu
11,Yuvraj Singh,Haryana,col_c_k_nayudu
12,Abhishek Thakur ,Himachal Pradesh,col_c_k_nayudu
12,Agam G Kahlon,Himachal Pradesh,col_c_k_nayudu
12,Akshit R Kanwar,Himachal Pradesh,col_c_k_nayudu
12,Amanpreet  V Singh,Himachal Pradesh,col_c_k_nayudu
12,ANIKET,Himachal Pradesh,col_c_k_nayudu
12,ANKUSH THAKUR ,Himachal Pradesh,col_c_k_nayudu
12,Anurag O Thakur,Himachal Pradesh,col_c_k_nayudu
12,Arjun I Wadhwa,Himachal Pradesh,col_c_k_nayudu
12,Aryavrat Sharma,Himachal Pradesh,col_c_k_nayudu
12,Atul A Jaswal,Himachal Pradesh,col_c_k_nayudu
12,Ayush P Kothari,Himachal Pradesh,col_c_k_nayudu
12,Chirag M Sharma,Himachal Pradesh,col_c_k_nayudu
12,Daksh N Narayan,Himachal Pradesh,col_c_k_nayudu
12,Deep S Singh ,Himachal Pradesh,col_c_k_nayudu
12,DEVEN,Himachal Pradesh,col_c_k_nayudu
12,Himanshu Beck,Himachal Pradesh,col_c_k_nayudu
12,Innesh N Mahajan,Himachal Pradesh,col_c_k_nayudu
12,Kabir A Singh,Himachal Pradesh,col_c_k_nayudu
12,Keshav,Himachal Pradesh,col_c_k_nayudu
12,Kushal Pal,Himachal Pradesh,col_c_k_nayudu
12,Lokesh G Chauhan,Himachal Pradesh,col_c_k_nayudu
12,Mehul V Pathania,Himachal Pradesh,col_c_k_nayudu
12,Mohd J Sohrab,Himachal Pradesh,col_c_k_nayudu
12,Mridul P Surroch,Himachal Pradesh,col_c_k_nayudu
12,Paras A Parihar,Himachal Pradesh,col_c_k_nayudu
12,Praval S Singh,Himachal Pradesh,col_c_k_nayudu
12,Raghav Angra,Himachal Pradesh,col_c_k_nayudu
12,Rishit N Thakur,Himachal Pradesh,col_c_k_nayudu
12,Ritik V Kumar,Himachal Pradesh,col_c_k_nayudu
12,Sachin R Sharma,Himachal Pradesh,col_c_k_nayudu
12,Sachit K Sharma,Himachal Pradesh,col_c_k_nayudu
12,Sahil M Kaplesh,Himachal Pradesh,col_c_k_nayudu
12,Sahil M Kumar,Himachal Pradesh,col_c_k_nayudu
12,Sahil Sharma,Himachal Pradesh,col_c_k_nayudu
12,Sohum H Mishra ,Himachal Pradesh,col_c_k_nayudu
12,Sukrit Sharma,Himachal Pradesh,col_c_k_nayudu
12,Sushant K Thakur,Himachal Pradesh,col_c_k_nayudu
12,Ujjawal Sharma  ,Himachal Pradesh,col_c_k_nayudu
12,Vaibhav S Kalta ,Himachal Pradesh,col_c_k_nayudu
12,Yogdeep S Thakur,Himachal Pradesh,col_c_k_nayudu
13,Aarya Udupa,Hyderabad,col_c_k_nayudu
13,AJAY YADAV,Hyderabad,col_c_k_nayudu
13,Aman Rao,Hyderabad,col_c_k_nayudu
13,Annam Takshith Rao,Hyderabad,col_c_k_nayudu
13,Aravelly Avanish ,Hyderabad,col_c_k_nayudu
13,Arbaz Baig,Hyderabad,col_c_k_nayudu
13,Aryan Cariappa,Hyderabad,col_c_k_nayudu
13,Aryan Krishna,Hyderabad,col_c_k_nayudu
13,Ashwad Rajiv,Hyderabad,col_c_k_nayudu
13,Bhuvangagiri Punnaiah,Hyderabad,col_c_k_nayudu
13,CH Madhuveer Reddy,Hyderabad,col_c_k_nayudu
13,Dheeraj Goud ,Hyderabad,col_c_k_nayudu
13,Dinesh Rathod,Hyderabad,col_c_k_nayudu
13,G Rithish Reddy,Hyderabad,col_c_k_nayudu
13,HARISH THAKUR,Hyderabad,col_c_k_nayudu
13,Himateja K,Hyderabad,col_c_k_nayudu
13,Ilyaan Sathani,Hyderabad,col_c_k_nayudu
13,Ishan Sharma ,Hyderabad,col_c_k_nayudu
13,Jairam Kasyap,Hyderabad,col_c_k_nayudu
13,K Krithik Reddy,Hyderabad,col_c_k_nayudu
13,K Sai Purnanand Rao,Hyderabad,col_c_k_nayudu
13,K Sri Harsha,Hyderabad,col_c_k_nayudu
13,Khush Agarwal,Hyderabad,col_c_k_nayudu
13,M A Shanmukha,Hyderabad,col_c_k_nayudu
13,M Ruthik Yadav,Hyderabad,col_c_k_nayudu
13,Mayank Gupta,Hyderabad,col_c_k_nayudu
13,MD Arfaz,Hyderabad,col_c_k_nayudu
13,Mohd Abdul Adnan,Hyderabad,col_c_k_nayudu
13,MS Karthikeya,Hyderabad,col_c_k_nayudu
13,Murugan Abhishek,Hyderabad,col_c_k_nayudu
13,N Nitin Sai Yadav,Hyderabad,col_c_k_nayudu
13,N Sathwik Reddy,Hyderabad,col_c_k_nayudu
13,NAVANITH,Hyderabad,col_c_k_nayudu
13,Nikhil S,Hyderabad,col_c_k_nayudu
13,Nishanth S,Hyderabad,col_c_k_nayudu
13,P Shiva,Hyderabad,col_c_k_nayudu
13,Paras Raj ,Hyderabad,col_c_k_nayudu
13,Pranav Suryadevara,Hyderabad,col_c_k_nayudu
13,Pranav Varma,Hyderabad,col_c_k_nayudu
13,Prithvi,Hyderabad,col_c_k_nayudu
13,Rahul Radesh ,Hyderabad,col_c_k_nayudu
13,Rishith Reddy,Hyderabad,col_c_k_nayudu
13,S VAISHNAV REDDY,Hyderabad,col_c_k_nayudu
13,Saketh Dhatrak,Hyderabad,col_c_k_nayudu
13,Sarthak Bharadwaj,Hyderabad,col_c_k_nayudu
13,Shashank Lokesh,Hyderabad,col_c_k_nayudu
13,Shashank Yadav,Hyderabad,col_c_k_nayudu
13,Varun Dhatrak,Hyderabad,col_c_k_nayudu
13,Vignesh Reddy,Hyderabad,col_c_k_nayudu
13,VM Danush,Hyderabad,col_c_k_nayudu
13,Y S Varun,Hyderabad,col_c_k_nayudu
13,Yash V Satwalekar ,Hyderabad,col_c_k_nayudu
14,Archit Mahajan,J & K,col_c_k_nayudu
14,Arnav Gupta,J & K,col_c_k_nayudu
14,Arya Thakur,J & K,col_c_k_nayudu
14,ATIF BIN MUSHTAQ,J & K,col_c_k_nayudu
14,Basit Bashir,J & K,col_c_k_nayudu
14,DHANVEER SINGH,J & K,col_c_k_nayudu
14,Gursimran Singh,J & K,col_c_k_nayudu
14,Janib Javaid,J & K,col_c_k_nayudu
14,Kanhaiya Wadhawan ,J & K,col_c_k_nayudu
14,Kawal Preet Singh,J & K,col_c_k_nayudu
14,Manit,J & K,col_c_k_nayudu
14,Mujtaba Yousuf,J & K,col_c_k_nayudu
14,Musaif Ajaz,J & K,col_c_k_nayudu
14,Praful Dhar,J & K,col_c_k_nayudu
14,Qamran Iqbal,J & K,col_c_k_nayudu
14,Qazi Junaid Masood,J & K,col_c_k_nayudu
14,Ranjot Singh,J & K,col_c_k_nayudu
14,Sarvashish Singh,J & K,col_c_k_nayudu
14,SUNNY KUMAR,J & K,col_c_k_nayudu
14,Udhay Partap,J & K,col_c_k_nayudu
14,Umar Khan,J & K,col_c_k_nayudu
14,Vinayak Gupta ,J & K,col_c_k_nayudu
14,Vishal Kumar,J & K,col_c_k_nayudu
14,Yawer Hassan,J & K,col_c_k_nayudu
15,Aaditya Nair,Karnataka,col_c_k_nayudu
15,ADARSH M A,Karnataka,col_c_k_nayudu
15,Akshan Rao,Karnataka,col_c_k_nayudu
15,Aneeshwar Gautam,Karnataka,col_c_k_nayudu
15,Arsalaan M,Karnataka,col_c_k_nayudu
15,Chinmay N A,Karnataka,col_c_k_nayudu
15,Dhanush Gowda R,Karnataka,col_c_k_nayudu
15,Dhruv Prabhakar,Karnataka,col_c_k_nayudu
15,Harshil Dharmani,Karnataka,col_c_k_nayudu
15,Jasper Ej,Karnataka,col_c_k_nayudu
15,Krishiv Bajaj ,Karnataka,col_c_k_nayudu
15,Kruthik Krishna  ,Karnataka,col_c_k_nayudu
15,LIKITH S GOWDA,Karnataka,col_c_k_nayudu
15,Macneil H N,Karnataka,col_c_k_nayudu
15,Madhav Darwadhkar,Karnataka,col_c_k_nayudu
15,Manvanth Kumar L,Karnataka,col_c_k_nayudu
15,Mohsin Khan,Karnataka,col_c_k_nayudu
15,Monish Reddy Yr,Karnataka,col_c_k_nayudu
15,NATHAN D MELLO,Karnataka,col_c_k_nayudu
15,Nishchith N Pai,Karnataka,col_c_k_nayudu
15,Paras Gurbax Arya,Karnataka,col_c_k_nayudu
15,Prakar Chaturvedi,Karnataka,col_c_k_nayudu
15,Rajendra D,Karnataka,col_c_k_nayudu
15,Rajvir Wadhwa,Karnataka,col_c_k_nayudu
15,Sanjay Ashwin C ,Karnataka,col_c_k_nayudu
15,SANTHOSHA S,Karnataka,col_c_k_nayudu
15,Shashi  Kumar K,Karnataka,col_c_k_nayudu
15,Shikhar Shetty,Karnataka,col_c_k_nayudu
15,Smaran R,Karnataka,col_c_k_nayudu
15,Srujan Nandan,Karnataka,col_c_k_nayudu
15,Swaroop S Hipparagi,Karnataka,col_c_k_nayudu
15,TOUFEEQ S,Karnataka,col_c_k_nayudu
15,Vishal Onat,Karnataka,col_c_k_nayudu
15,Yashovardhan Parantap,Karnataka,col_c_k_nayudu
15,Yashwant B N,Karnataka,col_c_k_nayudu
15,Yuvraj Arora ,Karnataka,col_c_k_nayudu
16,Aadidev T J,Kerala,col_c_k_nayudu
16,Abhishek J Nair ,Kerala,col_c_k_nayudu
16,Abi Biju,Kerala,col_c_k_nayudu
16,Abijith Praveen V,Kerala,col_c_k_nayudu
16,Akarsh A K,Kerala,col_c_k_nayudu
16,Akhin,Kerala,col_c_k_nayudu
16,AKSHAY T K,Kerala,col_c_k_nayudu
16,ANANDHU PRASAD,Kerala,col_c_k_nayudu
16,Appu Prakash,Kerala,col_c_k_nayudu
16,Arjun Venugopal,Kerala,col_c_k_nayudu
16,Asif Ali,Kerala,col_c_k_nayudu
16,Aswanth S Sankar,Kerala,col_c_k_nayudu
16,Edhen Apple Tom,Kerala,col_c_k_nayudu
16,Govind Dev D Pai,Kerala,col_c_k_nayudu
16,HARIKRISHNAN M U,Kerala,col_c_k_nayudu
16,J S Anuraj,Kerala,col_c_k_nayudu
16,Jishnu A,Kerala,col_c_k_nayudu
16,Kamil Aboobacker,Kerala,col_c_k_nayudu
16,Kiran Sagar M,Kerala,col_c_k_nayudu
16,Krishna Narayan A P,Kerala,col_c_k_nayudu
16,Mohit Shibu,Kerala,col_c_k_nayudu
16,Muhammed Kaif,Kerala,col_c_k_nayudu
16,NIKHIL M,Kerala,col_c_k_nayudu
16,Niranjan V Dev,Kerala,col_c_k_nayudu
16,Omar Abubacker,Kerala,col_c_k_nayudu
16,Parthiv Jayesh  ,Kerala,col_c_k_nayudu
16,Pavan Raj,Kerala,col_c_k_nayudu
16,Pavan Sreedhar ,Kerala,col_c_k_nayudu
16,Preetish,Kerala,col_c_k_nayudu
16,Rahaan Raheem,Kerala,col_c_k_nayudu
16,Rehan Sai,Kerala,col_c_k_nayudu
16,Riya Basheer P,Kerala,col_c_k_nayudu
16,Rohan Nair,Kerala,col_c_k_nayudu
16,Shine John Jacob,Kerala,col_c_k_nayudu
16,Shoun Roger,Kerala,col_c_k_nayudu
16,Srivardhan Murali,Kerala,col_c_k_nayudu
16,Thejus Vivek,Kerala,col_c_k_nayudu
16,UJWALKRISHNA K U ,Kerala,col_c_k_nayudu
16,Varun Nayanar  ,Kerala,col_c_k_nayudu
16,Vijay S Viswanath,Kerala,col_c_k_nayudu
16,Vinay V Varghese,Kerala,col_c_k_nayudu
17,Aayam Saradana,Madhya Pradesh,col_c_k_nayudu
17,Abhishek Mavi,Madhya Pradesh,col_c_k_nayudu
17,Adheer Pratap Singh,Madhya Pradesh,col_c_k_nayudu
17,Aditya Bhandari,Madhya Pradesh,col_c_k_nayudu
17,Akash Rajawat,Madhya Pradesh,col_c_k_nayudu
17,Akshat Dwivedi,Madhya Pradesh,col_c_k_nayudu
17,Akshat Raghuwanshi,Madhya Pradesh,col_c_k_nayudu
17,AKSHAY SHARMA,Madhya Pradesh,col_c_k_nayudu
17,Aman Bhadoriya,Madhya Pradesh,col_c_k_nayudu
17,Aman Singh Solanki,Madhya Pradesh,col_c_k_nayudu
17,Anant Dubey,Madhya Pradesh,col_c_k_nayudu
17,Anant Verma ,Madhya Pradesh,col_c_k_nayudu
17,Aniket Verma,Madhya Pradesh,col_c_k_nayudu
17,Ansh Bagadia,Madhya Pradesh,col_c_k_nayudu
17,Anuj Lahore,Madhya Pradesh,col_c_k_nayudu
17,Anvesh Chawla,Madhya Pradesh,col_c_k_nayudu
17,Arun Pratap Singh Bhadouriya,Madhya Pradesh,col_c_k_nayudu
17,Aryan Deshmukh,Madhya Pradesh,col_c_k_nayudu
17,Aryan Kushwah,Madhya Pradesh,col_c_k_nayudu
17,Aryan Pandey,Madhya Pradesh,col_c_k_nayudu
17,Aryan Tiwari,Madhya Pradesh,col_c_k_nayudu
17,Atharva Nyati,Madhya Pradesh,col_c_k_nayudu
17,Ayush Anand,Madhya Pradesh,col_c_k_nayudu
17,Chanchal Rathore ,Madhya Pradesh,col_c_k_nayudu
17,Dhananjai Dixit,Madhya Pradesh,col_c_k_nayudu
17,Girraj Sharma,Madhya Pradesh,col_c_k_nayudu
17,HARSHIT DUBEY,Madhya Pradesh,col_c_k_nayudu
17,Harshit Yadav,Madhya Pradesh,col_c_k_nayudu
17,Ishan Afridi,Madhya Pradesh,col_c_k_nayudu
17,Madhav Tiwari,Madhya Pradesh,col_c_k_nayudu
17,Manal Chauhan,Madhya Pradesh,col_c_k_nayudu
17,Manas Pandey,Madhya Pradesh,col_c_k_nayudu
17,Mangesh Yadav,Madhya Pradesh,col_c_k_nayudu
17,MOHAMMAD JUNAID KHAN,Madhya Pradesh,col_c_k_nayudu
17,Mohd Arham Aquil,Madhya Pradesh,col_c_k_nayudu
17,Parush Mandal,Madhya Pradesh,col_c_k_nayudu
17,Pranit Patidar ,Madhya Pradesh,col_c_k_nayudu
17,Prarabdha Mishra,Madhya Pradesh,col_c_k_nayudu
17,Prateek Shukla,Madhya Pradesh,col_c_k_nayudu
17,Pratham Singh Sengar,Madhya Pradesh,col_c_k_nayudu
17,Prithviraj Singh Tomar,Madhya Pradesh,col_c_k_nayudu
17,Priyanshu Shukla,Madhya Pradesh,col_c_k_nayudu
17,Ramveer Singh Gurjar,Madhya Pradesh,col_c_k_nayudu
17,Rohit Singh Rajawat,Madhya Pradesh,col_c_k_nayudu
17,Sahil Chourasia,Madhya Pradesh,col_c_k_nayudu
17,Saksham Purohit ,Madhya Pradesh,col_c_k_nayudu
17,Saransh Surana,Madhya Pradesh,col_c_k_nayudu
17,SARTHAK VERMA,Madhya Pradesh,col_c_k_nayudu
17,Saumy Kumar Pandey,Madhya Pradesh,col_c_k_nayudu
17,SHALEEN SHIKHAR SEN,Madhya Pradesh,col_c_k_nayudu
17,Shaurya Pachauri,Madhya Pradesh,col_c_k_nayudu
17,Shikhar Agarwal,Madhya Pradesh,col_c_k_nayudu
17,Shivam Patel,Madhya Pradesh,col_c_k_nayudu
17,Shivang Kumar,Madhya Pradesh,col_c_k_nayudu
17,Shubham Kushwah,Madhya Pradesh,col_c_k_nayudu
17,Soham Patwardhan,Madhya Pradesh,col_c_k_nayudu
17,SOURABH JAAT,Madhya Pradesh,col_c_k_nayudu
17,Sparsh Dhakar ,Madhya Pradesh,col_c_k_nayudu
17,Sumit Kushwah ,Madhya Pradesh,col_c_k_nayudu
17,SUMIT SINGH,Madhya Pradesh,col_c_k_nayudu
17,Tripuresh Singh,Madhya Pradesh,col_c_k_nayudu
17,Twarik Khan,Madhya Pradesh,col_c_k_nayudu
17,Vidhan Dubey,Madhya Pradesh,col_c_k_nayudu
17,Vikas Sharma ,Madhya Pradesh,col_c_k_nayudu
17,Vineet Singh Baghel,Madhya Pradesh,col_c_k_nayudu
17,Vishal Yadav,Madhya Pradesh,col_c_k_nayudu
17,Vishnu Bhardwaj,Madhya Pradesh,col_c_k_nayudu
17,YASH GOJAWAT,Madhya Pradesh,col_c_k_nayudu
17,YASHBARDHAN SINGH CHAUHAN,Madhya Pradesh,col_c_k_nayudu
17,Yatindra Mohan Srivastava,Madhya Pradesh,col_c_k_nayudu
17,Yuvraj Nema,Madhya Pradesh,col_c_k_nayudu
17,Yuvraj Singh Kang,Madhya Pradesh,col_c_k_nayudu
18,A A Pawar ,Maharashtra,col_c_k_nayudu
18,A R Nishad,Maharashtra,col_c_k_nayudu
18,A S Nalavade,Maharashtra,col_c_k_nayudu
18,A Salam,Maharashtra,col_c_k_nayudu
18,Ajay Borude,Maharashtra,col_c_k_nayudu
18,Aniruddha Sabale,Maharashtra,col_c_k_nayudu
18,Arshin Kulkarni,Maharashtra,col_c_k_nayudu
18,AS TANPURE,Maharashtra,col_c_k_nayudu
18,Digvijay Patil,Maharashtra,col_c_k_nayudu
18,H A Kate ,Maharashtra,col_c_k_nayudu
18,Kaushal S Tambe,Maharashtra,col_c_k_nayudu
18,KAUSTUBH MHATRE,Maharashtra,col_c_k_nayudu
18,Krish Shahapurkar,Maharashtra,col_c_k_nayudu
18,KRISHNA MARTAND,Maharashtra,col_c_k_nayudu
18,Kshitij Patil,Maharashtra,col_c_k_nayudu
18,OK Patkal,Maharashtra,col_c_k_nayudu
18,Prathamesh Gawade,Maharashtra,col_c_k_nayudu
18,R A Daud,Maharashtra,col_c_k_nayudu
18,R S Hadke,Maharashtra,col_c_k_nayudu
18,R S Hangargekar,Maharashtra,col_c_k_nayudu
18,Roshan Waghsare,Maharashtra,col_c_k_nayudu
18,S S Chavan,Maharashtra,col_c_k_nayudu
18,S S Dhas,Maharashtra,col_c_k_nayudu
18,S S Kharat,Maharashtra,col_c_k_nayudu
18,S Y Doshi,Maharashtra,col_c_k_nayudu
18,Sahil Autade ,Maharashtra,col_c_k_nayudu
18,Sharwin Uday Kisave ,Maharashtra,col_c_k_nayudu
18,Shubham Maid,Maharashtra,col_c_k_nayudu
18,Sohan Jamale,Maharashtra,col_c_k_nayudu
18,Svkatare,Maharashtra,col_c_k_nayudu
18,Swaraj Chavan,Maharashtra,col_c_k_nayudu
18,VAIBHAV DARKUNDE,Maharashtra,col_c_k_nayudu
18,Vaibhav Tehale,Maharashtra,col_c_k_nayudu
18,Vicky Ostwal,Maharashtra,col_c_k_nayudu
18,Yash Boramani,Maharashtra,col_c_k_nayudu
18,Yash Khaladkar,Maharashtra,col_c_k_nayudu
19,Andyroshan,Manipur,col_c_k_nayudu
19,Aziz Mirza,Manipur,col_c_k_nayudu
19,Champion,Manipur,col_c_k_nayudu
19,Dennis Kh,Manipur,col_c_k_nayudu
19,Dibak Naorem,Manipur,col_c_k_nayudu
19,Dominic,Manipur,col_c_k_nayudu
19,Hussain,Manipur,col_c_k_nayudu
19,Imran Khan,Manipur,col_c_k_nayudu
19,Jodash ,Manipur,col_c_k_nayudu
19,Kalyan,Manipur,col_c_k_nayudu
19,KL Meitei,Manipur,col_c_k_nayudu
19,Naesh,Manipur,col_c_k_nayudu
19,Rohit ,Manipur,col_c_k_nayudu
19,Romario,Manipur,col_c_k_nayudu
19,Saba,Manipur,col_c_k_nayudu
19,Sanjit,Manipur,col_c_k_nayudu
19,Somokanta,Manipur,col_c_k_nayudu
19,Suresh Singh ,Manipur,col_c_k_nayudu
19,Vivekananda,Manipur,col_c_k_nayudu
19,Zamir,Manipur,col_c_k_nayudu
20,Abhishek,Meghalaya,col_c_k_nayudu
20,Amankumar,Meghalaya,col_c_k_nayudu
20,Avinash Rai,Meghalaya,col_c_k_nayudu
20,Banialam Mylliemngap,Meghalaya,col_c_k_nayudu
20,Bharat,Meghalaya,col_c_k_nayudu
20,Bipin,Meghalaya,col_c_k_nayudu
20,C B Thapa,Meghalaya,col_c_k_nayudu
20,Chamcham,Meghalaya,col_c_k_nayudu
20,G M Sangma,Meghalaya,col_c_k_nayudu
20,Gavineal Marpna,Meghalaya,col_c_k_nayudu
20,Josiah Momin,Meghalaya,col_c_k_nayudu
20,Joydeep,Meghalaya,col_c_k_nayudu
20,Kevin Christopher,Meghalaya,col_c_k_nayudu
20,Kush Agarwal,Meghalaya,col_c_k_nayudu
20,Manish,Meghalaya,col_c_k_nayudu
20,Navin Kr Ray,Meghalaya,col_c_k_nayudu
20,Purav Agarwal,Meghalaya,col_c_k_nayudu
20,Raghav,Meghalaya,col_c_k_nayudu
20,Rohit,Meghalaya,col_c_k_nayudu
20,Sachin  ,Meghalaya,col_c_k_nayudu
20,Santhosh,Meghalaya,col_c_k_nayudu
20,Swastic,Meghalaya,col_c_k_nayudu
20,T Marak,Meghalaya,col_c_k_nayudu
21,Albert,Mizoram,col_c_k_nayudu
21,BIAKA,Mizoram,col_c_k_nayudu
21,C Vanlal T Hruaia,Mizoram,col_c_k_nayudu
21,C Vanlal Z Hruaia,Mizoram,col_c_k_nayudu
21,Duata,Mizoram,col_c_k_nayudu
21,Gilbert,Mizoram,col_c_k_nayudu
21,Johan ,Mizoram,col_c_k_nayudu
21,K Vanrotlinga,Mizoram,col_c_k_nayudu
21,Karan,Mizoram,col_c_k_nayudu
21,Kima,Mizoram,col_c_k_nayudu
21,Malsawma,Mizoram,col_c_k_nayudu
21,Nasib,Mizoram,col_c_k_nayudu
21,Naveen,Mizoram,col_c_k_nayudu
21,Nunfela,Mizoram,col_c_k_nayudu
21,Omoma,Mizoram,col_c_k_nayudu
21,Prem Layak,Mizoram,col_c_k_nayudu
21,Rinsanga,Mizoram,col_c_k_nayudu
21,Rinsangzela,Mizoram,col_c_k_nayudu
21,Ruatfela,Mizoram,col_c_k_nayudu
21,SACHIN,Mizoram,col_c_k_nayudu
21,Sahil Reza,Mizoram,col_c_k_nayudu
21,Sahil Sharma ,Mizoram,col_c_k_nayudu
21,Tetea,Mizoram,col_c_k_nayudu
21,Tleipuia,Mizoram,col_c_k_nayudu
22,Zaid Khan,Mumbai,col_c_k_nayudu
22,Aaditya Parab,Mumbai,col_c_k_nayudu
22,Aaryaraj Sanjay Nikam,Mumbai,col_c_k_nayudu
22,Aditya Vinod Giri,Mumbai,col_c_k_nayudu
22,Ajit,Mumbai,col_c_k_nayudu
22,Akshat Jain,Mumbai,col_c_k_nayudu
22,AL SAAD SHAIKH,Mumbai,col_c_k_nayudu
22,Angkrish Raghuvanshi,Mumbai,col_c_k_nayudu
22,Arjun Dani,Mumbai,col_c_k_nayudu
22,Aryan Patni,Mumbai,col_c_k_nayudu
22,Atharava,Mumbai,col_c_k_nayudu
22,Atharva BHOSALE,Mumbai,col_c_k_nayudu
22,Awais Khan,Mumbai,col_c_k_nayudu
22,Ayush Jethwa,Mumbai,col_c_k_nayudu
22,Ayush Mhatre,Mumbai,col_c_k_nayudu
22,Ayush Sachin Vartak,Mumbai,col_c_k_nayudu
22,Dhanit Raut,Mumbai,col_c_k_nayudu
22,Harshal Jadhav,Mumbai,col_c_k_nayudu
22,Himanshu Singh,Mumbai,col_c_k_nayudu
22,Jay Jain,Mumbai,col_c_k_nayudu
22,Kush Kariya,Mumbai,col_c_k_nayudu
22,Manan Bhatt,Mumbai,col_c_k_nayudu
22,MD Saif,Mumbai,col_c_k_nayudu
22,MUSADDIQUE SHAIKH,Mumbai,col_c_k_nayudu
22,Musheer Khan,Mumbai,col_c_k_nayudu
22,Nikhil Giri,Mumbai,col_c_k_nayudu
22,Nutan,Mumbai,col_c_k_nayudu
22,Parth Naik,Mumbai,col_c_k_nayudu
22,Prateek Yadav ,Mumbai,col_c_k_nayudu
22,Prem Devkar,Mumbai,col_c_k_nayudu
22,Rajesh Sardar,Mumbai,col_c_k_nayudu
22,Riday Khandke,Mumbai,col_c_k_nayudu
22,SACHIN GUPTA,Mumbai,col_c_k_nayudu
22,Sai Chavan  ,Mumbai,col_c_k_nayudu
22,Satyam Chaudhary,Mumbai,col_c_k_nayudu
22,Shashwat Jagtap,Mumbai,col_c_k_nayudu
22,Shreyansh Bogar,Mumbai,col_c_k_nayudu
22,Shubham Shinde,Mumbai,col_c_k_nayudu
22,Sourabh Singh,Mumbai,col_c_k_nayudu
22,Suryansh Shedge,Mumbai,col_c_k_nayudu
22,Vedant Murkar ,Mumbai,col_c_k_nayudu
22,Vedanta Gadia,Mumbai,col_c_k_nayudu
22,Zaid Patankar,Mumbai,col_c_k_nayudu
23,Anil Gupta,Nagaland,col_c_k_nayudu
23,Arjun,Nagaland,col_c_k_nayudu
23,Bamyibe Npanme,Nagaland,col_c_k_nayudu
23,Dip Borah,Nagaland,col_c_k_nayudu
23,Kavito,Nagaland,col_c_k_nayudu
23,Keduowhetuo,Nagaland,col_c_k_nayudu
23,Kelhousilie Zaputou,Nagaland,col_c_k_nayudu
23,Keneizetuo Rio ,Nagaland,col_c_k_nayudu
23,KHRIETSITUO BELHO,Nagaland,col_c_k_nayudu
23,Khrievitso,Nagaland,col_c_k_nayudu
23,Lalkishan ,Nagaland,col_c_k_nayudu
23,Lunthu Martin,Nagaland,col_c_k_nayudu
23,Mhalevor Dzeyie,Nagaland,col_c_k_nayudu
23,Mughavi Sumi,Nagaland,col_c_k_nayudu
23,Neizekho,Nagaland,col_c_k_nayudu
23,Neizolie,Nagaland,col_c_k_nayudu
23,Odilemba,Nagaland,col_c_k_nayudu
23,Rahul,Nagaland,col_c_k_nayudu
23,Raja Swarnkar,Nagaland,col_c_k_nayudu
23,Rajesh Das,Nagaland,col_c_k_nayudu
23,Randanbemo Y Odyuo,Nagaland,col_c_k_nayudu
23,Renben,Nagaland,col_c_k_nayudu
23,Samuel Zaputou,Nagaland,col_c_k_nayudu
23,Saurav,Nagaland,col_c_k_nayudu
23,Sujal Prasad,Nagaland,col_c_k_nayudu
23,Tohuka,Nagaland,col_c_k_nayudu
23,Toshimanen,Nagaland,col_c_k_nayudu
23,VEKHRUTO,Nagaland,col_c_k_nayudu
23,Vishal Sahani,Nagaland,col_c_k_nayudu
23,W Thechamo Odyuo,Nagaland,col_c_k_nayudu
23,Yugandhar  ,Nagaland,col_c_k_nayudu
23,Zidu Pohena,Nagaland,col_c_k_nayudu
24,Ansuman Bej,Odisha,col_c_k_nayudu
24,ASHIT K SAHU,Odisha,col_c_k_nayudu
24,Ashutosh Chhuria,Odisha,col_c_k_nayudu
24,Asutosh Marndi,Odisha,col_c_k_nayudu
24,Ayush K Barik,Odisha,col_c_k_nayudu
24,BADAL,Odisha,col_c_k_nayudu
24,Binayak Sahoo,Odisha,col_c_k_nayudu
24,Biswa Bibhab Muduli,Odisha,col_c_k_nayudu
24,Biswajit Mohapatra,Odisha,col_c_k_nayudu
24,Debabrata Pradhan  ,Odisha,col_c_k_nayudu
24,Manas R Patra,Odisha,col_c_k_nayudu
24,Om,Odisha,col_c_k_nayudu
24,Rakesh Biswal,Odisha,col_c_k_nayudu
24,Sai Prayas Pattnayak,Odisha,col_c_k_nayudu
24,Saideep Mohapatra,Odisha,col_c_k_nayudu
24,Sambit Kumar Sahoo ,Odisha,col_c_k_nayudu
24,Sambit S Baral,Odisha,col_c_k_nayudu
24,Sarthak G Panda,Odisha,col_c_k_nayudu
24,Sawan Pahariya ,Odisha,col_c_k_nayudu
24,Sobhan Dev Behera,Odisha,col_c_k_nayudu
24,Subham Naik,Odisha,col_c_k_nayudu
24,Subham Priyadarshi,Odisha,col_c_k_nayudu
24,Sujal K Singh,Odisha,col_c_k_nayudu
24,Surya Mohapatra,Odisha,col_c_k_nayudu
24,Swayam Shrivastava,Odisha,col_c_k_nayudu
24,Swoop S Bhuyan,Odisha,col_c_k_nayudu
24,Vimal Kumar,Odisha,col_c_k_nayudu
25,ADIL,Pondicherry,col_c_k_nayudu
25,Akash Pugazhanthi,Pondicherry,col_c_k_nayudu
25,AMAN AHUJA,Pondicherry,col_c_k_nayudu
25,Arshil Rajendra,Pondicherry,col_c_k_nayudu
25,Bharat Rawat,Pondicherry,col_c_k_nayudu
25,DHRUV REDDY,Pondicherry,col_c_k_nayudu
25,Gautam Dileep ,Pondicherry,col_c_k_nayudu
25,Karan Kannan,Pondicherry,col_c_k_nayudu
25,Karthiraja U,Pondicherry,col_c_k_nayudu
25,NAMAN SATISH SHARMA,Pondicherry,col_c_k_nayudu
25,Neyan Kangayan,Pondicherry,col_c_k_nayudu
25,Nithiyananda,Pondicherry,col_c_k_nayudu
25,Nitin Pranaav V,Pondicherry,col_c_k_nayudu
25,P SHAILESH VAITHIANATHAN ,Pondicherry,col_c_k_nayudu
25,P Sunil,Pondicherry,col_c_k_nayudu
25,R Jashwanth Shreeram,Pondicherry,col_c_k_nayudu
25,Ragavan,Pondicherry,col_c_k_nayudu
25,Rahul Rajeev Yadav,Pondicherry,col_c_k_nayudu
25,S Saichetan,Pondicherry,col_c_k_nayudu
25,Sai Hariram K,Pondicherry,col_c_k_nayudu
25,SAMBHAV PARAKH ,Pondicherry,col_c_k_nayudu
25,Shashank,Pondicherry,col_c_k_nayudu
25,Sunil Bishnoi ,Pondicherry,col_c_k_nayudu
25,TEJVEER SINGH,Pondicherry,col_c_k_nayudu
25,UJWAL S GOWDA,Pondicherry,col_c_k_nayudu
25,V K GUPTA,Pondicherry,col_c_k_nayudu
25,VAIBHAV M,Pondicherry,col_c_k_nayudu
25,VAIBHAV SINGH,Pondicherry,col_c_k_nayudu
25,VIKRAM,Pondicherry,col_c_k_nayudu
25,Y Saie Sharan,Pondicherry,col_c_k_nayudu
26,Abhay Choudhary,Punjab,col_c_k_nayudu
26,Abir Kohli,Punjab,col_c_k_nayudu
26,Anshul Negi,Punjab,col_c_k_nayudu
26,Aradhya Shukla,Punjab,col_c_k_nayudu
26,Arpan Walia,Punjab,col_c_k_nayudu
26,Aryaman Dhaliwal,Punjab,col_c_k_nayudu
26,Aryan Bhatia,Punjab,col_c_k_nayudu
26,Aryan Mehra,Punjab,col_c_k_nayudu
26,ASEEM KOHLI,Punjab,col_c_k_nayudu
26,Ayush Goyal,Punjab,col_c_k_nayudu
26,DEEPAM,Punjab,col_c_k_nayudu
26,Deloye Kumar Goyal,Punjab,col_c_k_nayudu
26,DHRUV M,Punjab,col_c_k_nayudu
26,Eish Rao ,Punjab,col_c_k_nayudu
26,Emanjot Singh Chahal,Punjab,col_c_k_nayudu
26,HARADESH BRAR,Punjab,col_c_k_nayudu
26,Harjas Singh Tandon,Punjab,col_c_k_nayudu
26,HARJOT SINGH,Punjab,col_c_k_nayudu
26,Harnoor Singh,Punjab,col_c_k_nayudu
26,Harshdeep Singh,Punjab,col_c_k_nayudu
26,Havneet Singh,Punjab,col_c_k_nayudu
26,Jaskaranvir  Singh Paul,Punjab,col_c_k_nayudu
26,Jatin Sahota,Punjab,col_c_k_nayudu
26,Jovanpreet Singh,Punjab,col_c_k_nayudu
26,Karman,Punjab,col_c_k_nayudu
26,KARTEEK SHARMA ,Punjab,col_c_k_nayudu
26,Kartik Chadha,Punjab,col_c_k_nayudu
26,Krish Bhagat,Punjab,col_c_k_nayudu
26,LOVEJIT ,Punjab,col_c_k_nayudu
26,Manav Vashisht,Punjab,col_c_k_nayudu
26,MANISH SHEORAN,Punjab,col_c_k_nayudu
26,Mayank Gupta,Punjab,col_c_k_nayudu
26,Mridul ,Punjab,col_c_k_nayudu
26,Navpreet,Punjab,col_c_k_nayudu
26,Pankaj Rattu,Punjab,col_c_k_nayudu
26,Parmish Kumar,Punjab,col_c_k_nayudu
26,Pukhraj Dhaliwal,Punjab,col_c_k_nayudu
26,RAHUL SINGH,Punjab,col_c_k_nayudu
26,RAHUL UPPAL,Punjab,col_c_k_nayudu
26,Rajinder Singh,Punjab,col_c_k_nayudu
26,Rushil Shrivastava,Punjab,col_c_k_nayudu
26,Sahil Sharma,Punjab,col_c_k_nayudu
26,Saksham Singh ,Punjab,col_c_k_nayudu
26,Salil Arora ,Punjab,col_c_k_nayudu
26,Shivein Rakheja,Punjab,col_c_k_nayudu
26,SIMRANJEET,Punjab,col_c_k_nayudu
26,Taranveer,Punjab,col_c_k_nayudu
26,Uday Saharan,Punjab,col_c_k_nayudu
26,VANSH YADAV,Punjab,col_c_k_nayudu
26,Yash Karan,Punjab,col_c_k_nayudu
27,Abhishek Kaushal,Railways,col_c_k_nayudu
27,Akhil Ahlawat,Railways,col_c_k_nayudu
27,Anchit Yadav,Railways,col_c_k_nayudu
27,Ankit,Railways,col_c_k_nayudu
27,Ansh Yadav,Railways,col_c_k_nayudu
27,Arpit,Railways,col_c_k_nayudu
27,Avinash,Railways,col_c_k_nayudu
27,Brijendra Tripathi ,Railways,col_c_k_nayudu
27,Damandeep Singh,Railways,col_c_k_nayudu
27,Debopratim Halder,Railways,col_c_k_nayudu
27,Deepanshu Chaudhary,Railways,col_c_k_nayudu
27,Eshaan Goyal,Railways,col_c_k_nayudu
27,Jayant Kaiwart ,Railways,col_c_k_nayudu
27,Jayant Lakhlan,Railways,col_c_k_nayudu
27,Kirtivardhan Upadhyay ,Railways,col_c_k_nayudu
27,Lakhan B Mankas,Railways,col_c_k_nayudu
27,M D Jaiswal,Railways,col_c_k_nayudu
27,Pratham Mishra,Railways,col_c_k_nayudu
27,Raj Nayak,Railways,col_c_k_nayudu
27,Rakesh Kumar Sahoo,Railways,col_c_k_nayudu
27,Shivam Gautam,Railways,col_c_k_nayudu
27,SK Jani Basha,Railways,col_c_k_nayudu
27,Sonu Chhikara,Railways,col_c_k_nayudu
27,Toufik Uddin,Railways,col_c_k_nayudu
27,Umar Malick,Railways,col_c_k_nayudu
27,VAIBHAV PANDEY ,Railways,col_c_k_nayudu
27,Vinay Sharma,Railways,col_c_k_nayudu
28,A Sharma,Rajasthan,col_c_k_nayudu
28,AA Jain,Rajasthan,col_c_k_nayudu
28,AA Malik,Rajasthan,col_c_k_nayudu
28,ABHISHEK SINGH CHOUHAN,Rajasthan,col_c_k_nayudu
28,Aman Meena,Rajasthan,col_c_k_nayudu
28,Amol Chelani ,Rajasthan,col_c_k_nayudu
28,Anirudh Singh,Rajasthan,col_c_k_nayudu
28,Ayush Ameriya,Rajasthan,col_c_k_nayudu
28,B V Sharma,Rajasthan,col_c_k_nayudu
28,Chetan Sharma,Rajasthan,col_c_k_nayudu
28,Deependra Singh,Rajasthan,col_c_k_nayudu
28,Dev Yadav,Rajasthan,col_c_k_nayudu
28,Devkrit Sharma,Rajasthan,col_c_k_nayudu
28,Dharmveer Saini,Rajasthan,col_c_k_nayudu
28,Digvijay,Rajasthan,col_c_k_nayudu
28,DR Gajraj,Rajasthan,col_c_k_nayudu
28,DUSHYANT KACHHAWAHA,Rajasthan,col_c_k_nayudu
28,GANESH HINGRA,Rajasthan,col_c_k_nayudu
28,GANESH SUTHAR,Rajasthan,col_c_k_nayudu
28,H K Joshi,Rajasthan,col_c_k_nayudu
28,HARDIK MEWARA,Rajasthan,col_c_k_nayudu
28,Himanshu Nehra,Rajasthan,col_c_k_nayudu
28,Himanshu Pujari,Rajasthan,col_c_k_nayudu
28,Ishaan Yadav ,Rajasthan,col_c_k_nayudu
28,JASKARAN SINGH,Rajasthan,col_c_k_nayudu
28,Jayant Gedhar,Rajasthan,col_c_k_nayudu
28,JAYANT TAMBI,Rajasthan,col_c_k_nayudu
28,Jaywardhan Singh,Rajasthan,col_c_k_nayudu
28,JITEN KUMAWAT ,Rajasthan,col_c_k_nayudu
28,Karan Lamba,Rajasthan,col_c_k_nayudu
28,Karan Singh,Rajasthan,col_c_k_nayudu
28,LOKENDRA SINGH RATHORE,Rajasthan,col_c_k_nayudu
28,M Choudhary ,Rajasthan,col_c_k_nayudu
28,M K Changra,Rajasthan,col_c_k_nayudu
28,MAHENDRA MAHALA ,Rajasthan,col_c_k_nayudu
28,MD Gazi Khan,Rajasthan,col_c_k_nayudu
28,Meet Bhavsar ,Rajasthan,col_c_k_nayudu
28,NAMAN KATARIYA,Rajasthan,col_c_k_nayudu
28,NH Sachdev ,Rajasthan,col_c_k_nayudu
28,P M Singh Rathore,Rajasthan,col_c_k_nayudu
28,Prem Parihar,Rajasthan,col_c_k_nayudu
28,R H Sharma,Rajasthan,col_c_k_nayudu
28,Rahul Choudhary,Rajasthan,col_c_k_nayudu
28,Rahul Choudhary,Rajasthan,col_c_k_nayudu
28,Rohan Vijay Rajbhar,Rajasthan,col_c_k_nayudu
28,RP Garg,Rajasthan,col_c_k_nayudu
28,SA Yadav,Rajasthan,col_c_k_nayudu
28,Sachin Kakodia ,Rajasthan,col_c_k_nayudu
28,Salaudeen,Rajasthan,col_c_k_nayudu
28,Samrat Singh Shekhawat,Rajasthan,col_c_k_nayudu
28,Sangram Singh,Rajasthan,col_c_k_nayudu
28,Sohan Jaif ,Rajasthan,col_c_k_nayudu
28,Sumit Godara,Rajasthan,col_c_k_nayudu
28,T Khan,Rajasthan,col_c_k_nayudu
28,V S Tiwari,Rajasthan,col_c_k_nayudu
28,VIKAS LOHIA,Rajasthan,col_c_k_nayudu
28,Vishal Godara,Rajasthan,col_c_k_nayudu
28,Yuvraj Singh,Rajasthan,col_c_k_nayudu
29,Aatik Jafai,Saurashtra,col_c_k_nayudu
29,Abhishek Nimavat,Saurashtra,col_c_k_nayudu
29,ADITYA YADAV,Saurashtra,col_c_k_nayudu
29,Adityaraj Rathore,Saurashtra,col_c_k_nayudu
29,Adityasinh H Jadeja,Saurashtra,col_c_k_nayudu
29,AKASH PARMAR ,Saurashtra,col_c_k_nayudu
29,Ansh Gosai,Saurashtra,col_c_k_nayudu
29,Arjun ,Saurashtra,col_c_k_nayudu
29,Aum Kanabar,Saurashtra,col_c_k_nayudu
29,Bablu Yadav,Saurashtra,col_c_k_nayudu
29,Bhagyarajsinh Chudasama,Saurashtra,col_c_k_nayudu
29,Bhavan,Saurashtra,col_c_k_nayudu
29,Brij Shah,Saurashtra,col_c_k_nayudu
29,Chaitanya Jadeja,Saurashtra,col_c_k_nayudu
29,D Gohil,Saurashtra,col_c_k_nayudu
29,Daksh Bhindi,Saurashtra,col_c_k_nayudu
29,Darshak Parmar,Saurashtra,col_c_k_nayudu
29,Deep Baraiya,Saurashtra,col_c_k_nayudu
29,DEV,Saurashtra,col_c_k_nayudu
29,Devarsh Mehta,Saurashtra,col_c_k_nayudu
29,Dharam A Changela ,Saurashtra,col_c_k_nayudu
29,Dhruv Goswami,Saurashtra,col_c_k_nayudu
29,Dhyey Mehta,Saurashtra,col_c_k_nayudu
29,Digvijaysinh ,Saurashtra,col_c_k_nayudu
29,Digvijaysinh Jadeja,Saurashtra,col_c_k_nayudu
29,Divyang Gohel,Saurashtra,col_c_k_nayudu
29,Gajjar  Sammar,Saurashtra,col_c_k_nayudu
29,Gaurang,Saurashtra,col_c_k_nayudu
29,H S Kotak,Saurashtra,col_c_k_nayudu
29,Harsh Parmar,Saurashtra,col_c_k_nayudu
29,Harshvardhan,Saurashtra,col_c_k_nayudu
29,Hiten Kanbi,Saurashtra,col_c_k_nayudu
29,Jainam,Saurashtra,col_c_k_nayudu
29,Jash Trivedi,Saurashtra,col_c_k_nayudu
29,Jason Chag,Saurashtra,col_c_k_nayudu
29,Javed Dal ,Saurashtra,col_c_k_nayudu
29,JAYPAL CHAUHAN,Saurashtra,col_c_k_nayudu
29,JAYVARDHANSINH JADEJA,Saurashtra,col_c_k_nayudu
29,Jeet Khakhria,Saurashtra,col_c_k_nayudu
29,Jeet Kher,Saurashtra,col_c_k_nayudu
29,Jetavat Harivadansinh,Saurashtra,col_c_k_nayudu
29,Kabir Patel,Saurashtra,col_c_k_nayudu
29,Kalp,Saurashtra,col_c_k_nayudu
29,Karan Suchak,Saurashtra,col_c_k_nayudu
29,Karnav Rathod ,Saurashtra,col_c_k_nayudu
29,Kashyap Suva,Saurashtra,col_c_k_nayudu
29,Kathankumar,Saurashtra,col_c_k_nayudu
29,Kishan K Vadhiya,Saurashtra,col_c_k_nayudu
29,Krains Fuletra,Saurashtra,col_c_k_nayudu
29,Krish,Saurashtra,col_c_k_nayudu
29,Krushna Babaria,Saurashtra,col_c_k_nayudu
29,Kushal Jasani ,Saurashtra,col_c_k_nayudu
29,Lekh Joshi,Saurashtra,col_c_k_nayudu
29,LUCKYRAJ,Saurashtra,col_c_k_nayudu
29,Makwana Akshat,Saurashtra,col_c_k_nayudu
29,Makwana Hiren,Saurashtra,col_c_k_nayudu
29,Manav ,Saurashtra,col_c_k_nayudu
29,Manav Chothani,Saurashtra,col_c_k_nayudu
29,Manav Khunt,Saurashtra,col_c_k_nayudu
29,Manjit Kumkhaniya,Saurashtra,col_c_k_nayudu
29,Mann Bhatt,Saurashtra,col_c_k_nayudu
29,Maurya Ghoghari,Saurashtra,col_c_k_nayudu
29,Meet,Saurashtra,col_c_k_nayudu
29,Meet G ,Saurashtra,col_c_k_nayudu
29,Morya Shivam,Saurashtra,col_c_k_nayudu
29,Namya ,Saurashtra,col_c_k_nayudu
29,Neel Pandya,Saurashtra,col_c_k_nayudu
29,Nihal Chaudhari,Saurashtra,col_c_k_nayudu
29,P Chauhan,Saurashtra,col_c_k_nayudu
29,Parin Shah ,Saurashtra,col_c_k_nayudu
29,Pranay Thapa,Saurashtra,col_c_k_nayudu
29,Prasham Rajdev,Saurashtra,col_c_k_nayudu
29,Prem Zaveri,Saurashtra,col_c_k_nayudu
29,PRINCE CHOVATIYA,Saurashtra,col_c_k_nayudu
29,Pruthviraj Kataria,Saurashtra,col_c_k_nayudu
29,R K Patel,Saurashtra,col_c_k_nayudu
29,Rahul Bera,Saurashtra,col_c_k_nayudu
29,Raj,Saurashtra,col_c_k_nayudu
29,Raj Waghela ,Saurashtra,col_c_k_nayudu
29,Rajdeep,Saurashtra,col_c_k_nayudu
29,Rakesh P P,Saurashtra,col_c_k_nayudu
29,Ramdev  ,Saurashtra,col_c_k_nayudu
29,Rathod Chandraraj,Saurashtra,col_c_k_nayudu
29,Ravi,Saurashtra,col_c_k_nayudu
29,Raxit Mehta,Saurashtra,col_c_k_nayudu
29,Ridham Nakum,Saurashtra,col_c_k_nayudu
29,Rizwan Dal,Saurashtra,col_c_k_nayudu
29,Rushi Chauhan,Saurashtra,col_c_k_nayudu
29,Rushil Paun,Saurashtra,col_c_k_nayudu
29,S P Khamrai,Saurashtra,col_c_k_nayudu
29,Saurav S Sharma,Saurashtra,col_c_k_nayudu
29,Shrut,Saurashtra,col_c_k_nayudu
29,SMIT DAVE,Saurashtra,col_c_k_nayudu
29,Smitrajsinh,Saurashtra,col_c_k_nayudu
29,Sneh Fufal,Saurashtra,col_c_k_nayudu
29,Tirthrajsinh Jadeja,Saurashtra,col_c_k_nayudu
29,V S Jadeja,Saurashtra,col_c_k_nayudu
29,Vaibhav Ramanuj,Saurashtra,col_c_k_nayudu
29,Varshil,Saurashtra,col_c_k_nayudu
29,Vasu,Saurashtra,col_c_k_nayudu
29,Veer K Kariya,Saurashtra,col_c_k_nayudu
29,Vinit Vaghela,Saurashtra,col_c_k_nayudu
29,Viraj,Saurashtra,col_c_k_nayudu
29,VISHRAM GADHAVI,Saurashtra,col_c_k_nayudu
29,Vishvesh ,Saurashtra,col_c_k_nayudu
29,Yashvendra Gaur,Saurashtra,col_c_k_nayudu
29,Yug Sanghvi,Saurashtra,col_c_k_nayudu
29,Yuvrajsinh Shinol,Saurashtra,col_c_k_nayudu
30,Aadil,Sikkim,col_c_k_nayudu
30,Abishek,Sikkim,col_c_k_nayudu
30,Abishek,Sikkim,col_c_k_nayudu
30,Aditya Chettri,Sikkim,col_c_k_nayudu
30,Adiv,Sikkim,col_c_k_nayudu
30,ALAUDDIN,Sikkim,col_c_k_nayudu
30,Arnav ,Sikkim,col_c_k_nayudu
30,Bijay,Sikkim,col_c_k_nayudu
30,ELISHA,Sikkim,col_c_k_nayudu
30,Emamudin,Sikkim,col_c_k_nayudu
30,Ingsho Limboo,Sikkim,col_c_k_nayudu
30,Karma Wangchuk,Sikkim,col_c_k_nayudu
30,KSHITEEZ,Sikkim,col_c_k_nayudu
30,MD Arif,Sikkim,col_c_k_nayudu
30,MD Talim,Sikkim,col_c_k_nayudu
30,Parichit,Sikkim,col_c_k_nayudu
30,Purna,Sikkim,col_c_k_nayudu
30,Rahul Kumar,Sikkim,col_c_k_nayudu
30,Reshi,Sikkim,col_c_k_nayudu
30,Robin Limboo,Sikkim,col_c_k_nayudu
30,Roshan,Sikkim,col_c_k_nayudu
30,Roshan Pd,Sikkim,col_c_k_nayudu
30,Safal,Sikkim,col_c_k_nayudu
30,Sajal Thapa,Sikkim,col_c_k_nayudu
30,Sanjur,Sikkim,col_c_k_nayudu
30,Siddharth,Sikkim,col_c_k_nayudu
30,SUMAN,Sikkim,col_c_k_nayudu
30,Sunil Kumar,Sikkim,col_c_k_nayudu
30,Tarun Sharma,Sikkim,col_c_k_nayudu
30,Vivek Kr,Sikkim,col_c_k_nayudu
30,Yogesh Gupta,Sikkim,col_c_k_nayudu
31,A Badrinath,Tamil Nadu,col_c_k_nayudu
31,A Mohammed Tibiyan,Tamil Nadu,col_c_k_nayudu
31,Adittya Varadharajan,Tamil Nadu,col_c_k_nayudu
31,AJAY CHETAN ,Tamil Nadu,col_c_k_nayudu
31,Ajitesh G ,Tamil Nadu,col_c_k_nayudu
31,Andre Siddarth,Tamil Nadu,col_c_k_nayudu
31,B Aaditya,Tamil Nadu,col_c_k_nayudu
31,B Sachin,Tamil Nadu,col_c_k_nayudu
31,Boopathi Vaishna Kumar M,Tamil Nadu,col_c_k_nayudu
31,C V Achyuth,Tamil Nadu,col_c_k_nayudu
31,G Govinth,Tamil Nadu,col_c_k_nayudu
31,Hari Ragavendra Vijayan,Tamil Nadu,col_c_k_nayudu
31,K T A Madhava Prasad ,Tamil Nadu,col_c_k_nayudu
31,Kirubakar Ravindran,Tamil Nadu,col_c_k_nayudu
31,Lakshay Jain S,Tamil Nadu,col_c_k_nayudu
31,Manav Parakh,Tamil Nadu,col_c_k_nayudu
31,Nirmal Kumar P,Tamil Nadu,col_c_k_nayudu
31,P Vignesh,Tamil Nadu,col_c_k_nayudu
31,Prashid Akash H,Tamil Nadu,col_c_k_nayudu
31,R Vimal Khumar,Tamil Nadu,col_c_k_nayudu
31,Rohan J,Tamil Nadu,col_c_k_nayudu
31,S Adithya Geethan,Tamil Nadu,col_c_k_nayudu
31,S Mohamed Ali,Tamil Nadu,col_c_k_nayudu
31,S R Athish  ,Tamil Nadu,col_c_k_nayudu
31,S Rithik Easwaran ,Tamil Nadu,col_c_k_nayudu
31,Sachin Rathi,Tamil Nadu,col_c_k_nayudu
31,Sai  Karthick,Tamil Nadu,col_c_k_nayudu
31,SELVAGANAPATHI S,Tamil Nadu,col_c_k_nayudu
31,Shubhan,Tamil Nadu,col_c_k_nayudu
31,Sunny,Tamil Nadu,col_c_k_nayudu
31,V Arunachalam,Tamil Nadu,col_c_k_nayudu
31,V P Amith Sathvik ,Tamil Nadu,col_c_k_nayudu
31,V P Diran,Tamil Nadu,col_c_k_nayudu
31,V S Karthick Manikandan,Tamil Nadu,col_c_k_nayudu
32,Abhijit Debbarma,Tripura,col_c_k_nayudu
32,Amit Ali,Tripura,col_c_k_nayudu
32,Anandh Bhowmik,Tripura,col_c_k_nayudu
32,Anik Paul,Tripura,col_c_k_nayudu
32,Arindam Barman,Tripura,col_c_k_nayudu
32,Arkajit Das,Tripura,col_c_k_nayudu
32,Arman Hossain,Tripura,col_c_k_nayudu
32,Danveer Singh,Tripura,col_c_k_nayudu
32,Debangshu Datta ,Tripura,col_c_k_nayudu
32,Debraj Dey,Tripura,col_c_k_nayudu
32,Deepjoy Deb ,Tripura,col_c_k_nayudu
32,Dipen Biswas,Tripura,col_c_k_nayudu
32,Diptanu Chakraborty,Tripura,col_c_k_nayudu
32,Durlab Roy,Tripura,col_c_k_nayudu
32,Hrituraj Ghosh Roy,Tripura,col_c_k_nayudu
32,Indrajit Debnath,Tripura,col_c_k_nayudu
32,JANAK REANG,Tripura,col_c_k_nayudu
32,Jayanta Bhattacharajee,Tripura,col_c_k_nayudu
32,MIJANUR RAHAMAN PODDER,Tripura,col_c_k_nayudu
32,Nabarun Chakraborty ,Tripura,col_c_k_nayudu
32,Pamir Debnath,Tripura,col_c_k_nayudu
32,Parvez Sultan,Tripura,col_c_k_nayudu
32,Priansh Mitra,Tripura,col_c_k_nayudu
32,Pritam Das ,Tripura,col_c_k_nayudu
32,Rajdeep Datta,Tripura,col_c_k_nayudu
32,Ribrajit Das,Tripura,col_c_k_nayudu
32,Rohan Biwas,Tripura,col_c_k_nayudu
32,Rohit Ghosh,Tripura,col_c_k_nayudu
32,Sahil Sultan,Tripura,col_c_k_nayudu
32,Samrat Biswas,Tripura,col_c_k_nayudu
32,Sandip Sarkar,Tripura,col_c_k_nayudu
32,Saptajit Das ,Tripura,col_c_k_nayudu
32,Sentu Sarkar ,Tripura,col_c_k_nayudu
32,Sourav Das,Tripura,col_c_k_nayudu
32,SOURAV KAR,Tripura,col_c_k_nayudu
32,Sridam Paul,Tripura,col_c_k_nayudu
32,Swarab Sahani,Tripura,col_c_k_nayudu
32,Tanmoy Das,Tripura,col_c_k_nayudu
32,Tathagata Chakraborty,Tripura,col_c_k_nayudu
33,Aaqib Khan,Uttar Pradesh,col_c_k_nayudu
33,Aaradhya Yadav ,Uttar Pradesh,col_c_k_nayudu
33,Aarush Goel,Uttar Pradesh,col_c_k_nayudu
33,Abdul Rehman,Uttar Pradesh,col_c_k_nayudu
33,ABDUL WASEEM ,Uttar Pradesh,col_c_k_nayudu
33,Abhishek S Tomar,Uttar Pradesh,col_c_k_nayudu
33,Adarsh Mishra,Uttar Pradesh,col_c_k_nayudu
33,Adarsh Singh,Uttar Pradesh,col_c_k_nayudu
33,Ajay Kumar,Uttar Pradesh,col_c_k_nayudu
33,Aksh Singhal,Uttar Pradesh,col_c_k_nayudu
33,ANIKET,Uttar Pradesh,col_c_k_nayudu
33,Ansh Tiwari,Uttar Pradesh,col_c_k_nayudu
33,ANUBHAV,Uttar Pradesh,col_c_k_nayudu
33,Bhaskar Bhardwaj,Uttar Pradesh,col_c_k_nayudu
33,Dhananjay Yadav,Uttar Pradesh,col_c_k_nayudu
33,Hitesh Kumar,Uttar Pradesh,col_c_k_nayudu
33,Jamshed Alam,Uttar Pradesh,col_c_k_nayudu
33,Kavya Teotia,Uttar Pradesh,col_c_k_nayudu
33,Kunal Tyagi,Uttar Pradesh,col_c_k_nayudu
33,Manav Sindhu,Uttar Pradesh,col_c_k_nayudu
33,MANISH KUMAR,Uttar Pradesh,col_c_k_nayudu
33,Manish Singh Solanki,Uttar Pradesh,col_c_k_nayudu
33,Mohd Aashiyan,Uttar Pradesh,col_c_k_nayudu
33,Mohd Amaan,Uttar Pradesh,col_c_k_nayudu
33,Nadeem,Uttar Pradesh,col_c_k_nayudu
33,Naman Tiwari,Uttar Pradesh,col_c_k_nayudu
33,Navneet Kumar,Uttar Pradesh,col_c_k_nayudu
33,Nikhil Pratap Rao,Uttar Pradesh,col_c_k_nayudu
33,Nishant Thakur,Uttar Pradesh,col_c_k_nayudu
33,Prashant Veer,Uttar Pradesh,col_c_k_nayudu
33,Prateek Pandey,Uttar Pradesh,col_c_k_nayudu
33,RAHUL YADAV,Uttar Pradesh,col_c_k_nayudu
33,Rao Rituraj Singh,Uttar Pradesh,col_c_k_nayudu
33,Rishabh Bansal,Uttar Pradesh,col_c_k_nayudu
33,Rishabh Rajput,Uttar Pradesh,col_c_k_nayudu
33,RISHABH SINGH ,Uttar Pradesh,col_c_k_nayudu
33,Rituraj Sharma,Uttar Pradesh,col_c_k_nayudu
33,Rohit Dwivedi,Uttar Pradesh,col_c_k_nayudu
33,Sachin Arvind Singh,Uttar Pradesh,col_c_k_nayudu
33,Sameer Rizvi,Uttar Pradesh,col_c_k_nayudu
33,Satyam Chauhan,Uttar Pradesh,col_c_k_nayudu
33,Shaurya Singh,Uttar Pradesh,col_c_k_nayudu
33,Shiven Malhotra,Uttar Pradesh,col_c_k_nayudu
33,Shoaib Siddiqui ,Uttar Pradesh,col_c_k_nayudu
33,Shubham Mishra,Uttar Pradesh,col_c_k_nayudu
33,SHUBHAM SINGH ,Uttar Pradesh,col_c_k_nayudu
33,Shubhanker Shukla,Uttar Pradesh,col_c_k_nayudu
33,Siddharth Yadav,Uttar Pradesh,col_c_k_nayudu
33,Swastik,Uttar Pradesh,col_c_k_nayudu
33,VANSH CHAOUDHARY,Uttar Pradesh,col_c_k_nayudu
33,Vasu Vats,Uttar Pradesh,col_c_k_nayudu
33,Vijay Kumar,Uttar Pradesh,col_c_k_nayudu
33,Vijay Yadav,Uttar Pradesh,col_c_k_nayudu
33,Vikrant Chaudhary,Uttar Pradesh,col_c_k_nayudu
33,Vipraj Nigam,Uttar Pradesh,col_c_k_nayudu
33,Yashovardhan Singh,Uttar Pradesh,col_c_k_nayudu
33,Yuvraj Yadav,Uttar Pradesh,col_c_k_nayudu
34,A Chaudhary,Uttarakhand,col_c_k_nayudu
34,Aanjaneya Suryavanshi,Uttarakhand,col_c_k_nayudu
34,Abhay Chettri,Uttarakhand,col_c_k_nayudu
34,Abhyuday,Uttarakhand,col_c_k_nayudu
34,AJAY,Uttarakhand,col_c_k_nayudu
34,AKHILESH,Uttarakhand,col_c_k_nayudu
34,Aniket S Rahal,Uttarakhand,col_c_k_nayudu
34,Ansh,Uttarakhand,col_c_k_nayudu
34,Arush,Uttarakhand,col_c_k_nayudu
34,Asemwal,Uttarakhand,col_c_k_nayudu
34,Ashar Khan,Uttarakhand,col_c_k_nayudu
34,Ayush Negi,Uttarakhand,col_c_k_nayudu
34,BHAVYA,Uttarakhand,col_c_k_nayudu
34,Divij Digari,Uttarakhand,col_c_k_nayudu
34,Divyam Rawat,Uttarakhand,col_c_k_nayudu
34,Gurman Dhillon,Uttarakhand,col_c_k_nayudu
34,Harsh,Uttarakhand,col_c_k_nayudu
34,HARSH PATWAL,Uttarakhand,col_c_k_nayudu
34,Harsh Rana,Uttarakhand,col_c_k_nayudu
34,Harshvardhan,Uttarakhand,col_c_k_nayudu
34,Hitesh,Uttarakhand,col_c_k_nayudu
34,HRITIK ,Uttarakhand,col_c_k_nayudu
34,Ishagra Jagoori ,Uttarakhand,col_c_k_nayudu
34,KANDARI,Uttarakhand,col_c_k_nayudu
34,Kanhaiya Bhatt,Uttarakhand,col_c_k_nayudu
34,Kartik Bhatt ,Uttarakhand,col_c_k_nayudu
34,KOSHYARI,Uttarakhand,col_c_k_nayudu
34,Kunal Veer,Uttarakhand,col_c_k_nayudu
34,Lincon ,Uttarakhand,col_c_k_nayudu
34,NAVEEN RANA,Uttarakhand,col_c_k_nayudu
34,NAVENDRA RAWAT,Uttarakhand,col_c_k_nayudu
34,Negi,Uttarakhand,col_c_k_nayudu
34,P DEWLI,Uttarakhand,col_c_k_nayudu
34,Prajjwal,Uttarakhand,col_c_k_nayudu
34,Prateek ,Uttarakhand,col_c_k_nayudu
34,Rajya Vardhan,Uttarakhand,col_c_k_nayudu
34,Rohi,Uttarakhand,col_c_k_nayudu
34,SAILESH,Uttarakhand,col_c_k_nayudu
34,SANSKAR MALIK,Uttarakhand,col_c_k_nayudu
34,Sanskar Rawat ,Uttarakhand,col_c_k_nayudu
34,Satyam Baaliyan,Uttarakhand,col_c_k_nayudu
34,Shashwat Dangwal,Uttarakhand,col_c_k_nayudu
34,SHIVANSH,Uttarakhand,col_c_k_nayudu
34,SHUBHAM,Uttarakhand,col_c_k_nayudu
34,TUSHAR,Uttarakhand,col_c_k_nayudu
34,VINAY KUMAR,Uttarakhand,col_c_k_nayudu
34,Y Rajput,Uttarakhand,col_c_k_nayudu
34,YASH CHAUDHARY,Uttarakhand,col_c_k_nayudu
35,A Meshram,Vidarbha,col_c_k_nayudu
35,Abhishek S Agrawal,Vidarbha,col_c_k_nayudu
35,Aniket Pande ,Vidarbha,col_c_k_nayudu
35,ANKUSH TAMMIWAR,Vidarbha,col_c_k_nayudu
35,Arjun Ingle,Vidarbha,col_c_k_nayudu
35,Ashish Jadhav,Vidarbha,col_c_k_nayudu
35,Ashit Singh,Vidarbha,col_c_k_nayudu
35,Danish Malewar,Vidarbha,col_c_k_nayudu
35,Ganesh Bhosle,Vidarbha,col_c_k_nayudu
35,Gaurav Farde,Vidarbha,col_c_k_nayudu
35,Harsh Dubey,Vidarbha,col_c_k_nayudu
35,Jagjot,Vidarbha,col_c_k_nayudu
35,KAUSTUBH SALVE,Vidarbha,col_c_k_nayudu
35,Mandar Ghodmare,Vidarbha,col_c_k_nayudu
35,MD Faiz,Vidarbha,col_c_k_nayudu
35,Minar Sahare,Vidarbha,col_c_k_nayudu
35,Mohammad Adnan Kamal,Vidarbha,col_c_k_nayudu
35,Mohit R Nachankar ,Vidarbha,col_c_k_nayudu
35,Neel Athaley ,Vidarbha,col_c_k_nayudu
35,PIYUSH S,Vidarbha,col_c_k_nayudu
35,Praful Hinge,Vidarbha,col_c_k_nayudu
35,Pratham Maheshwari,Vidarbha,col_c_k_nayudu
35,Rahul Dongarwar,Vidarbha,col_c_k_nayudu
35,Rajsingh Chavhan,Vidarbha,col_c_k_nayudu
35,Rohit V Binkar ,Vidarbha,col_c_k_nayudu
35,Sahil Sheikh,Vidarbha,col_c_k_nayudu
35,Sanyog Shyam Bhagwat,Vidarbha,col_c_k_nayudu
35,Satyam Bhoyar,Vidarbha,col_c_k_nayudu
35,Shivam D ,Vidarbha,col_c_k_nayudu
35,Tejas Soni,Vidarbha,col_c_k_nayudu
35,Varun Raj Singh Bisht,Vidarbha,col_c_k_nayudu
35,Vedant Jajoo,Vidarbha,col_c_k_nayudu
35,VISHESH TIWARI ,Vidarbha,col_c_k_nayudu
35,Zubairoddin ,Vidarbha,col_c_k_nayudu
0, Josh Hartill,TAS,second_xi
1, Baxter Holt,WA,second_xi
2, Liam Blackford,Victoria,second_xi
3, Harry Nielsen,SA,second_xi
4, Isaac Conway,SA,second_xi
5, Matthew Gilkes,NSW,second_xi
6, Jai Lemire,Victoria,second_xi
7, Isaiah Snell,QLD,second_xi
8, Harry Matthias,SA,second_xi
9, Joel Curtis,WA,second_xi
10, Lachy Aitken,QLD,second_xi
11, HUGH WEIBGEN,QLD,second_xi
12, Ashley Chandrasinghe,Victoria,second_xi
13, Ryan Hicks,NSW,second_xi
14, Scott Murn,Australian Capital Territory,second_xi
15, Keaton Critchell,WA,second_xi
16, Lochie Hardy,WA,second_xi
17, Kane Halfpenny,SA,second_xi
18, Param Uppal,TAS,second_xi
19, Liam Guthrie,QLD,second_xi
20, Lachlan Shaw,NSW,second_xi
21, Jonathan Merlo,Victoria,second_xi
22, Charles Stobo,WA,second_xi
23, Amritpal grewal,QLD,second_xi
24, Thomas Kelly,SA,second_xi
25, Max Bryant,QLD,second_xi
26, Jake Lehmann,SA,second_xi
27, Jason Sangha,SA,second_xi
28, Teague Wyllie,WA,second_xi
29, Corey Wasley,WA,second_xi
30, Zac Beveridge,Australian Capital Territory,second_xi
31, Nic Broes,Australian Capital Territory,second_xi
32, Thomas Brown,SA,second_xi
33, Kai Brunker,Australian Capital Territory,second_xi
34, Mackenzie Harvey,SA,second_xi
35, Corey Miller,NSW,second_xi
36, Seamus Keogh,SA,second_xi
37, Kyle Brazell,SA,second_xi
38, Dylan Brasher,Victoria,second_xi
39, Zanden Jeh,QLD,second_xi
40, Charlie Wakim,TAS,second_xi
41, Ben Manenti,SA,second_xi
42, Jayden Vince,TAS,second_xi
43, Luke Holt,WA,second_xi
44, Mac Wright,TAS,second_xi
45, Wesley Agar,SA,second_xi
46, Scott Palombo,QLD,second_xi
47, Lloyd Pope,SA,second_xi
48, Angus Lovell,QLD,second_xi
49, Joel Davies,NSW,second_xi
50, Jack Sinfield,QLD,second_xi
51, John Montgomery,TAS,second_xi
52, Lawrence Neil-Smith,TAS,second_xi
53, Thomas Dwyer,TAS,second_xi
54, Eknoor Singh,NSW,second_xi
55, Brayden DeVries,TAS,second_xi
56, Benji Floros,QLD,second_xi
57, Harry Conway,SA,second_xi
58, Marcus Bean,TAS,second_xi
59, Shobit Singh,Victoria,second_xi
60, DArcy Short,WA,second_xi
61, albert Esterhuysen,WA,second_xi
62, Ryan King,SA,second_xi
63, Dylan McLachlan,QLD,second_xi
64, Kurtis Patterson,NSW,second_xi
65, Cam McClure,Victoria,second_xi
66, Jake Smith,Australian Capital Territory,second_xi
67, Blake Macdonald,Victoria,second_xi
68, Tyler Van Luin,Australian Capital Territory,second_xi
69, Samuel Greer,WA,second_xi
70, Tyler Hays,Australian Capital Territory,second_xi
71, Henry Hunt,SA,second_xi
72, David Moody,Victoria,second_xi
73, Campbell Kellaway,Victoria,second_xi
74, Henry Thornton,SA,second_xi
75, Tom Straker,QLD,second_xi
76, Tom Campbell,QLD,second_xi
77, Smit Raval,NSW,second_xi
78, Noah McFadyen,SA,second_xi
79, Thomas Balkin,QLD,second_xi
80, Hamish Case,SA,second_xi
81, Harry Manenti,SA,second_xi
82, Nicholas Davis,TAS,second_xi
83, Douglas Warren,Victoria,second_xi
84, Tom Rogers,Victoria,second_xi
85, Ashton Turner,WA,second_xi
86, Zac Worden,Australian Capital Territory,second_xi
87, Ryan Hadley,NSW,second_xi
88, Douwtjie Hoogenboezem,WA,second_xi
89, William Sutherland,Victoria,second_xi
90, Sam Konstas,NSW,second_xi
91, Reiley Mark,Victoria,second_xi
92, Kieran Elliott,TAS,second_xi
93, Jhye Richardson,WA,second_xi
94, Mitch Perry,Victoria,second_xi
95, Mikey McNamara,Australian Capital Territory,second_xi
96, Caelan Maladay,TAS,second_xi
97, Zak Keogh,Australian Capital Territory,second_xi
98, Conor McInerney,SA,second_xi
99, Hayden Watling,Australian Capital Territory,second_xi
100, Sam Skelly,Australian Capital Territory,second_xi
101, Jake Scott,NSW,second_xi
102, William Bosisto,WA,second_xi
103, Xavier Crone,Victoria,second_xi
104, Akshay Joseph,Australian Capital Territory,second_xi
105, Daniel Hughes,NSW,second_xi
106, Harry Dixon,Victoria,second_xi
107, Connor Sully,QLD,second_xi
108, William Prestwidge,TAS,second_xi
109, Lachlan Hearne,QLD,second_xi
110, Aidan Cahill,SA,second_xi
111, Rafael MacMillan,TAS,second_xi
112, Blake Nikitaras,NSW,second_xi
113, Jack Wildermuth,QLD,second_xi
114, Ethan Clark,TAS,second_xi
115, Austin Anlezark,Victoria,second_xi
116, Hayden Kerr,NSW,second_xi
117, Oliver Peake,Victoria,second_xi
118, Thomas Hogan,Australian Capital Territory,second_xi
119, James Reuther,SA,second_xi
120, Deakin Murphy,SA,second_xi
121, Samuel Voss,TAS,second_xi
122, William Salzmann,NSW,second_xi
123, Ashley Jeffrey,WA,second_xi
124, Jordan Buckingham,SA,second_xi
125, Hugo Burdon,QLD,second_xi
126, Ashton Agar,WA,second_xi
127, Callum Vidler,QLD,second_xi
128, Steven McGiffin,QLD,second_xi
129, Connor O'Riordan,NSW,second_xi
130, Liam Scott,SA,second_xi
131, Callum Stow,Victoria,second_xi
132, Zac Curtain,TAS,second_xi
133, Matthew Spoors,WA,second_xi
134, Peter Francis,NSW,second_xi
135, Nivethan Radhakrishnan,TAS,second_xi
136, Lachlan Clark,TAS,second_xi
137, Samuel Elliott,Victoria,second_xi
138, Hanno Jacobs,NSW,second_xi
139, Brendan Doggett,SA,second_xi
140, Aubrey Stockdale,SA,second_xi
141, Ross Pawson,NSW,second_xi
142, Ryan Hackney,NSW,second_xi
143, Lachlan Poulter,WA,second_xi
144, Joshua Vernon,WA,second_xi
145, Campbell Thompson,SA,second_xi
146, Louis Smith,TAS,second_xi
147, Simon Budge,WA,second_xi
148, Samuel Fanning,WA,second_xi
149, Mahli Beardman,WA,second_xi
150, Tom Brooks,Victoria,second_xi
151, Joshua Clarke,NSW,second_xi
152, Hamish McKenzie,WA,second_xi
153, Jack Sanson,Australian Capital Territory,second_xi
154, Caleb Jewell,TAS,second_xi
155, Bradley Hope,TAS,second_xi
156, Liam Haskett,WA,second_xi
157, Daniel Drew,SA,second_xi
158, Aidan OConnor,TAS,second_xi
159, Bryce Street,QLD,second_xi
160, Tyler Pearson,Victoria,second_xi
0,Jordan Silk,Brentwood ,ecb_club
1,Vansh Jani,"Richmond , Middx",ecb_club
2,Tyler McGladdery,Northern ,ecb_club
3,Will Buttleman,Brentwood ,ecb_club
4,Gary Knight,Ormskirk ,ecb_club
5,Ryan Hackney,"Sutton , Surrey",ecb_club
6,Cameron Tanner,"Sutton , Surrey",ecb_club
7,Aidan Cahill,Bath ,ecb_club
8,Sam Young,Bath ,ecb_club
9,Daniel Escott,Teddington ,ecb_club
10,Edward Ballard,Brentwood ,ecb_club
11,Akhil Patel,Kimberley Institute ,ecb_club
12,Christopher Hewison,South Northumberland ,ecb_club
13,Harry Church,"Leigh , Lancashire",ecb_club
14,Hamza Shaikh,Knowle & Dorridge ,ecb_club
15,Alex Vincent,Northern ,ecb_club
16,Calum Turner,Ormskirk ,ecb_club
17,Johan Cronje,Wollaton ,ecb_club
18,Evan Williams ,Kendal ,ecb_club
19,Riley Ward,Tamworth ,ecb_club
20,Rajpal Beniwal,Smethwick ,ecb_club
21,Kishen Velani,Wanstead & Snaresbrook ,ecb_club
22,Joe Ludlow,Teddington ,ecb_club
23,Jack Paull,Penzance ,ecb_club
24,Matt Boyle,Three Bridges ,ecb_club
25,Ximus Du Plooy,Kimberley Institute ,ecb_club
26,Josh Blake,"Sutton , Surrey",ecb_club
27,Muhammad Hassan Hameed,Wanstead & Snaresbrook ,ecb_club
28,Michael Cowdrey,Three Bridges ,ecb_club
29,Sam Holden,Ormskirk ,ecb_club
30,Daniel Andrew,Wollaton ,ecb_club
31,Christian Purchase,Penzance ,ecb_club
32,Ollie Sutton,Formby ,ecb_club
33,Aaron West,Brentwood ,ecb_club
34,George Bacon,Kimberley Institute ,ecb_club
35,Ben Seabrook,Penzance ,ecb_club
36,Thomas Clee,"Woodlands , Yorkshire",ecb_club
37,Ryan Ayres - PRO,"Clifton , Lancs",ecb_club
38,Stuart Van Der Merwe,Weybridge ,ecb_club
39,Tom Simmons,Wanstead & Snaresbrook ,ecb_club
40,Nick Langford,Cuckney ,ecb_club
41,Charlie Lowen,Didsbury ,ecb_club
42,Zeeshan Manzoor,Peterborough Town ,ecb_club
43,Chris Laker,Northern ,ecb_club
44,James Cake,East Molesey ,ecb_club
45,Connor Fisher,Tickhill ,ecb_club
46,Cyrus Shafi,Golden Hill ,ecb_club
47,Wilf La Fontaine Jackson,St Cross Symondians ,ecb_club
48,Callum Taylor,Swardeston ,ecb_club
49,Nick Anderson,Didsbury ,ecb_club
50,Tim Hughes,Didsbury ,ecb_club
51,Harry Ellison,Bath ,ecb_club
52,Joe Baldwin,Horwich RMI ,ecb_club
53,Minod Bhanuka,Tickhill ,ecb_club
54,Conor Golding,Three Bridges ,ecb_club
55,Dominic Brown,Kimberley Institute ,ecb_club
56,Tim Rouse,Bath ,ecb_club
57,Jack Penn,Golden Hill ,ecb_club
58,Liam Grey,Northern ,ecb_club
59,Matthew McKiernan,"Leigh , Lancashire",ecb_club
60,Dylan Hurst,Wakefield Thornes ,ecb_club
61,David Clarke,Peterborough Town ,ecb_club
62,Ross Diver,Tickhill ,ecb_club
63,Josh Smith,Peterborough Town ,ecb_club
64,R B S Venkataraman,Smethwick ,ecb_club
65,Jordan Taylor,Swardeston ,ecb_club
66,Nicholas Keast,Cuckney ,ecb_club
67,Lewis Smith,Prestwich ,ecb_club
68,Robert Sehmi,Didsbury ,ecb_club
69,Lloyd Sabin,Banbury ,ecb_club
70,Sam Frankland,"Woodlands , Yorkshire",ecb_club
71,Jac Kennedy,Northern ,ecb_club
72,Jason Marshall,Wimbledon ,ecb_club
73,Hasan Ahmed,Old Hill ,ecb_club
74,Rawait Khan,Smethwick ,ecb_club
75,Nathan Tilley,Weybridge ,ecb_club
76,Daaryoush Ahmed,Golden Hill ,ecb_club
77,George Wells,"Blackheath , Kent",ecb_club
78,Jack Nightingale,Kimberley Institute ,ecb_club
79,Eddie Bruce,"Richmond , Middx",ecb_club
80,Yuvraj Odedra,Wanstead & Snaresbrook ,ecb_club
81,James Russell,Three Bridges ,ecb_club
82,Haaris Usman,Wanstead & Snaresbrook ,ecb_club
83,Shyam Patel,Loughborough Town ,ecb_club
84,Tom Grundy,"Leigh , Lancashire",ecb_club
85,Mitchell Bradley,"Denby , Derbyshire",ecb_club
86,Richard Sims,Swardeston ,ecb_club
87,Kaan Hawes,Witham ,ecb_club
88,Alec Price,Moddershall & Oulton ,ecb_club
89,Tim Jackson,"Woodlands , Yorkshire",ecb_club
90,Jake Swindells,Horwich RMI ,ecb_club
91,James Wolfenden,Wakefield Thornes ,ecb_club
92,Jarvis Clay,Hetton Lyons ,ecb_club
93,Sam Dorsey,"Clifton , Lancs",ecb_club
94,Dylan Blignaut,Penzance ,ecb_club
95,Bilal Shafayat,Smethwick ,ecb_club
96,Harvey Rankin,Ormskirk ,ecb_club
97,Tom Gibson,Prestwich ,ecb_club
98,Ryan Brown,Formby ,ecb_club
99,James Cole,Northern ,ecb_club
100,Sam Greenland,Teddington ,ecb_club
101,Jack Berry,Horwich RMI ,ecb_club
102,James O'Kelly,Loughborough Town ,ecb_club
103,Robin Das,Wanstead & Snaresbrook ,ecb_club
104,Stuart Walker,Hetton Lyons ,ecb_club
105,Sam Burge,East Molesey ,ecb_club
106,Jack Scrivens,Bath ,ecb_club
107,James Southgate,East Molesey ,ecb_club
108,Hassan Azad,Wollaton ,ecb_club
109,Tom Oakley,Brentwood ,ecb_club
110,Ryan Buckley,Kimberley Institute ,ecb_club
111,Lachie McMillan,Peterborough Town ,ecb_club
112,Sam Leech,Didsbury ,ecb_club
113,Harry Ratcliffe,Kimberley Institute ,ecb_club
114,George Politis,Ormskirk ,ecb_club
115,Sean Tindale,South Northumberland ,ecb_club
116,Daniel Burgoyne,"Denby , Derbyshire",ecb_club
117,Sam Smith,Tunbridge Wells ,ecb_club
118,Adam Tillcock,Cuckney ,ecb_club
119,Suraj Chauhan,Tamworth ,ecb_club
120,Joe Settle,"Clifton , Lancs",ecb_club
121,Sanath Corjuvenkar,Loughborough Town ,ecb_club
122,James Green,Didsbury ,ecb_club
123,Kieran Collins,"Woodlands , Yorkshire",ecb_club
124,James Stuart,Tickhill ,ecb_club
125,Michael Turner,Wimbledon ,ecb_club
126,Hamish Llewelyn,Wollaton ,ecb_club
127,Bilal Hassan,Old Hill ,ecb_club
128,Steve Green,Didsbury ,ecb_club
129,Charlie Brain,Bath ,ecb_club
130,Sam Seadon,"Sutton , Surrey",ecb_club
131,Ben Edmundson,Northern ,ecb_club
132,Thomas Ullyott,Cuckney ,ecb_club
133,James Rhodes,Wakefield Thornes ,ecb_club
134,Karl Brown,"Leigh , Lancashire",ecb_club
135,Joseph Abbotts,Longton ,ecb_club
136,Lucas Kennedy,Formby ,ecb_club
137,Jacob Clarke Pro,Horwich RMI ,ecb_club
138,Lewis Richardson,Kendal ,ecb_club
139,Rhett Bridgens,Tickhill ,ecb_club
140,Deepak Khatri,Smethwick ,ecb_club
141,Finn Usher,Barnard Castle ,ecb_club
142,Solomon Bell,South Northumberland ,ecb_club
143,James Middleton,Knowle & Dorridge ,ecb_club
144,Archie Newton,Golden Hill ,ecb_club
145,Yasir Ali,Smethwick ,ecb_club
146,Alistair Short,Banbury ,ecb_club
147,Jim Morgan,Tickhill ,ecb_club
148,Thomas Brown,Ormskirk ,ecb_club
149,Joe Seager,Tamworth ,ecb_club
150,Haydir Ali,Weybridge ,ecb_club
151,Zak Pooley,"Richmond , Middx",ecb_club
152,Ewan Laughton,Cuckney ,ecb_club
153,Saranga Rajaguru,Swardeston ,ecb_club
154,Hussain Tallat,East Molesey ,ecb_club
155,Jack A Bransgrove,St Cross Symondians ,ecb_club
156,Bradley Earl,Kendal ,ecb_club
157,George Harris,Northern ,ecb_club
158,Jordan Lowe,Tickhill ,ecb_club
159,Suhayl Iqbal,Old Hill ,ecb_club
160,Samuel Kelsall,Moddershall & Oulton ,ecb_club
161,Joshua Fallows,Horwich RMI ,ecb_club
162,Fred Egleston,Wakefield Thornes ,ecb_club
163,Liam Collins,"Woodlands , Yorkshire",ecb_club
164,Adam London,"Richmond , Middx",ecb_club
165,Jack Boyle,Wimbledon ,ecb_club
166,Chris Milner,Peterborough Town ,ecb_club
167,Abu Saeed,Old Hill ,ecb_club
168,Danushka Sandaruwan,Moddershall & Oulton ,ecb_club
169,Scott Lenham,Three Bridges ,ecb_club
170,Cody Mc Donald,Witham ,ecb_club
171,Ben Shaw,Wollaton ,ecb_club
172,Scott Howard,Peterborough Town ,ecb_club
173,Kieran Coyne,Banbury ,ecb_club
174,Lesego Senokwane,Golden Hill ,ecb_club
175,Alex Haleem,"Denby , Derbyshire",ecb_club
176,Benjamin Church,Bath ,ecb_club
177,Tom Chapman,Sandwich Town ,ecb_club
178,James Arney,Bath ,ecb_club
179,Ed Smith,Tamworth ,ecb_club
180,Joe Wilson,"Denby , Derbyshire",ecb_club
181,Jason Jakeman,Tamworth ,ecb_club
182,James Clarkson,Barnard Castle ,ecb_club
183,Sam Brooks,Golden Hill ,ecb_club
184,Waqas Hussain,Banbury ,ecb_club
185,Thomas Rogers,South Northumberland ,ecb_club
186,Grant Stone,Penzance ,ecb_club
187,Anuj Jotin,Longton ,ecb_club
188,Stuart Els,Prestwich ,ecb_club
189,Harry Gardner,"Sutton , Surrey",ecb_club
190,Tom Rowe,Cuckney ,ecb_club
191,Daniel Wilson,Northern ,ecb_club
192,Jack Hebron,Brentwood ,ecb_club
193,Joe Walker,Three Bridges ,ecb_club
194,Josh Bousfield,Barnard Castle ,ecb_club
195,Freddie Doorbar,Longton ,ecb_club
196,P I Burgoyne,"Denby , Derbyshire",ecb_club
197,Greg Liebenberg,Northern ,ecb_club
198,Fraser Hawkins,Moddershall & Oulton ,ecb_club
199,Joe White,Banbury ,ecb_club
200,Liam Booth,Didsbury ,ecb_club
201,Kiel Van Vollenhoven,Wollaton ,ecb_club
202,Charlie Wilson,"Denby , Derbyshire",ecb_club
203,Martin Weightman,Kimberley Institute ,ecb_club
204,Jack Grundy,Teddington ,ecb_club
205,Sijomon Joseph,Wakefield Thornes ,ecb_club
206,D G Ball,Knowle & Dorridge ,ecb_club
207,Sam Marsh,Ormskirk ,ecb_club
208,Mason Turner,"Clifton , Lancs",ecb_club
209,Ian Cockbain,Formby ,ecb_club
210,Michael Glynn,Witham ,ecb_club
211,Joshua Court,Tickhill ,ecb_club
212,Ali Zeb,Wanstead & Snaresbrook ,ecb_club
213,Tejpal Birdi,"Blackheath , Kent",ecb_club
214,Harry Barker,Swardeston ,ecb_club
215,Imran Khan,Tickhill ,ecb_club
216,Tim Boyd,Kendal ,ecb_club
217,Ian Robinson,Ormskirk ,ecb_club
218,Abdullah Tahir,Wollaton ,ecb_club
219,Neil Pinner,Knowle & Dorridge ,ecb_club
220,Tom Hope,Longton ,ecb_club
221,Christopher Garrard,Witham ,ecb_club
222,Liam Sadler,"Denby , Derbyshire",ecb_club
223,Joe Billings,Wakefield Thornes ,ecb_club
224,Chris Ralston,Hetton Lyons ,ecb_club
225,Adam Cragg,South Northumberland ,ecb_club
226,Chris Swanson,"Sutton , Surrey",ecb_club
227,Aaran Amin,Teddington ,ecb_club
228,Nico Van Zyl,Prestwich ,ecb_club
229,Mitchell Kelsall,Moddershall & Oulton ,ecb_club
230,Chris Wakefield,Teddington ,ecb_club
231,Tazeem Chaudry Ali,Smethwick ,ecb_club
232,Rehan Ratnasabapathy,"Sutton , Surrey",ecb_club
233,Louis Brown,Bath ,ecb_club
234,Josh Sutton,Bath ,ecb_club
235,Tanmay Thanawalla,"Richmond , Middx",ecb_club
236,Sam Little,Horwich RMI ,ecb_club
237,Naseer Ahmad,Smethwick ,ecb_club
238,George Cave,Three Bridges ,ecb_club
239,Dan Richardson,Moddershall & Oulton ,ecb_club
240,Joshua Thompson,Northern ,ecb_club
241,Joe Ellis Grewal,Wanstead & Snaresbrook ,ecb_club
242,James Enslin ,Horwich RMI ,ecb_club
243,Greg Wadsworth,Wakefield Thornes ,ecb_club
244,Joe Richardson,Kimberley Institute ,ecb_club
245,Michael Godwin,Witham ,ecb_club
246,Jack Smith,Tamworth ,ecb_club
247,Nabeel Aziz,Wanstead & Snaresbrook ,ecb_club
248,Ben Lucking,Three Bridges ,ecb_club
249,Tom Billington,Formby ,ecb_club
250,Simon Birtwisle,South Northumberland ,ecb_club
251,Arran Brown,Three Bridges ,ecb_club
252,Josh Little,Horwich RMI ,ecb_club
253,Ryan Maddock,Prestwich ,ecb_club
254,Ryan Derrick,Old Hill ,ecb_club
255,Joe Hawkins,Moddershall & Oulton ,ecb_club
256,Connor Griffin,"Sutton , Surrey",ecb_club
257,Matthew Cadywould,Bath ,ecb_club
258,Alasdair Pollock,Teddington ,ecb_club
259,Dylan Keeling,Old Hill ,ecb_club
260,Sagar Udeshi,Hetton Lyons ,ecb_club
261,Humair Haider,Smethwick ,ecb_club
262,Alex Rowland,Tickhill ,ecb_club
263,Ben Scott,"Denby , Derbyshire",ecb_club
